dd,,,,,,,,
ddd,,,,,,,,
dd,,,,,,,,
dd,SUBMIT AN EVENT,,,,,,,
,"Want to host a side event, and haven't found a space yet? Click here to get in touch.",,,,,,,
,FEATURED EVENTS,,,,,,,
6a4fab1c10f84b19adc724c0,"Wed, 7 October",8:00 AM,6:00 PM,Digital Asset Summit Asia 2026,Conference/Summit,US$699-2199,Link,
6a5012633da1e45bc7967d9b,"Wed, 7 October",9:00 AM,4:00 PM,Sui Basecamp - Day 1,Conference/Summit,US$99-299,Link,
6a7445ef7ef1577c1e37eca1,"Fri, 9 October",8:00 PM,4:00 AM,AFTER 2049: The official closing party of TOKEN2049,Party/Dinner,Free,Link,
Event ID,Date,Start,End,Event,Category,Price,Registration,Registration Link
6a7fe7d3298f21044c271195,"Mon, 5 October",12:00 AM,1:00 AM,Web3 Ai : Mixers,Networking,Free,Link,
6a5dff0dd1b48ddf39d0827c,"Mon, 5 October",7:00 AM,5:30 PM,CoinFerenceX the best event - Day 1,Conference/Summit,US$0-399,Link,
6a8d73e281489b66e4942474,"Mon, 5 October",9:00 AM,6:00 PM,All That Matters  - Day 1,Conference/Summit,US$649-1249,Link,
6a8e2e5fe258d468339532f9,"Mon, 5 October",9:30 AM,5:00 PM,0G Dev Day: ZERO TO INFINITY,Conference/Summit,Free,Link,
6a69774bd1b48ddf39d09150,"Mon, 5 October",10:00 AM,1:00 PM,THE DEALFLOW  - INVESTOR BRUNCH,Other,Free,Link,
6a531b033438be070d7a9a98,"Mon, 5 October",10:00 AM,2:00 PM,HyprEarn Perp Traders Mixer,Networking,Free,Link,
6a534c0347aa29a148924641,"Mon, 5 October",10:00 AM,12:00 AM,TRADERS WEEK | SINGAPORE 🇸🇬🏆 - Day 1,Other,Free,Link,
6a82b56ad354d830a224096c,"Mon, 5 October",11:30 AM,3:00 PM,RWA Capital Forum,Networking,Free,Link,
6a51609310f84b19adc728b5,"Mon, 5 October",5:00 PM,7:00 PM,SPACEY VENTURES: Web3 Synergy Night,Networking,US$0-70,Link,
6a7a8c81251d42f6afebaf54,"Mon, 5 October",6:30 PM,9:30 PM,"Digital After Hours: Connecting Digital Assets, Trusts & Institutional Fina",Networking,Free,Link,
6a82b9e7298f21044c271613,"Mon, 5 October",6:30 PM,10:00 PM,Skyline Social Singapore,Party/Dinner,Free,Link,
6a968fcd967be0befa88a520,"Mon, 5 October",7:30 PM,10:30 PM,Allocators | Managers | Providers | VIP Dinner (invite only),Networking,Free,Link,
6a960eb2d567345aad682526,"Mon, 5 October",8:00 PM,11:00 PM,Exclusive Whiskey & Cigar Evening - Day 1,Networking,Free,Link,
6a5dff0ed1b48ddf39d0827e,"Tue, 6 October",7:00 AM,5:30 PM,CoinFerenceX the best event - Day 2,Conference/Summit,US$0-399,Link,
6a9a8978967be0befa88b76c,"Tue, 6 October",8:00 AM,8:00 PM,Gamma Prime Investing Summit 2026 Singapore 🇸🇬 (Featuring Arthur Hayes &,Workshop/Hackathon,Free,Link,
6a511b9110f84b19adc7284c,"Tue, 6 October",9:00 AM,8:00 PM,Gamma Prime Investing Summit 2026 Singapore 🇸🇬,Conference/Summit,Free,Link,
6a7397f45a75007b41001056,"Tue, 6 October",9:00 AM,5:00 PM,Open,Party/Dinner,Free,Link,
6a7a76aa3647af5c01c0653d,"Tue, 6 October",9:00 AM,6:00 PM,Solana Summit,Conference/Summit,Free,Link,
6a8c4f3f244677004e8f5530,"Tue, 6 October",9:00 AM,12:00 PM,AI & Formal Verification for Onchain Finance,Networking,Free,Link,
6a8d73e381489b66e4942476,"Tue, 6 October",9:00 AM,6:00 PM,All That Matters  - Day 2,Conference/Summit,US$649-1249,Link,
6a9922a1d567345aad6834a6,"Tue, 6 October",9:00 AM,12:00 PM,Cardano Node Diversity Celebration Day,Workshop/Hackathon,Free,Link,
6a98c2e2967be0befa88b05e,"Tue, 6 October",9:00 AM,11:30 AM,APAC Enterprise & Tokenization Breakfast,Networking,Free,Link,
6a514f1e3da1e45bc7967fe4,"Tue, 6 October",9:30 AM,4:00 PM,VNTR Investor Forum Singapore,Networking,Free,Link,
6a534c0447aa29a148924643,"Tue, 6 October",10:00 AM,12:00 AM,TRADERS WEEK | SINGAPORE 🇸🇬🏆 - Day 2,Other,Free,Link,
6a6cdc395a75007b41000850,"Tue, 6 October",10:00 AM,6:00 PM,Onchain Day,Conference/Summit,Free,Link,
6a6cdbf1d1b48ddf39d095e1,"Tue, 6 October",10:00 AM,6:00 PM,Multichain Day,Conference/Summit,Free,Link,
6a75996bdc0292cbb18a0c4a,"Tue, 6 October",10:00 AM,5:00 PM,Proof of Health Singapore 2026,Conference/Summit,Free,Link,
6a841e58244677004e8f4431,"Tue, 6 October",10:00 AM,12:00 PM,DeltaV Demo Day,Other,Free,Link,
6a8e76734ee2bfcc85982b1d,"Tue, 6 October",10:00 AM,2:00 PM,OKX Dev Day,Workshop/Hackathon,Free,Link,
6a6a54acd1b48ddf39d0929b,"Tue, 6 October",11:00 AM,5:00 PM,Founder x VC Summit: Day 1,Conference/Summit,US$0-149,Link,
6a82cebe298f21044c271646,"Tue, 6 October",11:30 AM,3:00 PM,AI Founders & Investors Forum,Networking,Free,Link,
6a50a69910f84b19adc7276d,"Tue, 6 October",12:00 PM,5:00 PM,Global Onchain Summit Singapore 2026,Conference/Summit,Free,Link,
6a8a987981489b66e4941edd,"Tue, 6 October",12:00 PM,8:00 PM,Solana Capital Forum Singapore,Workshop/Hackathon,Free,Link,
6a98c34d967be0befa88b066,"Tue, 6 October",12:00 PM,5:00 PM,The Capital Summit x Asia Stablecoin Conference,Conference/Summit,US$0-100,Link,
6a90f3e14ee2bfcc85983156,"Tue, 6 October",12:30 PM,5:00 PM,Mantle RWA Day SG,Conference/Summit,Free,Link,
6a8c0860244677004e8f54a5,"Tue, 6 October",1:00 PM,5:00 PM,Animoca Portfolio Day - GTM in the agentic era,Conference/Summit,Free,Link,
6a982b78d567345aad682ccf,"Tue, 6 October",1:00 PM,4:00 PM,zeroxkyle's Frens Hotpot 2,Party/Dinner,Free,Link,
6a90ef49e258d46833953a41,"Tue, 6 October",1:30 PM,6:00 PM,Agentic Money 2026,Conference/Summit,Free,Link,
6a7d3455d354d830a2240048,"Tue, 6 October",3:00 PM,5:00 PM,Private SunDAO: Investors Speed Dating,Networking,US$295-395,Link,
6a996e9c967be0befa88b3d7,"Tue, 6 October",3:00 PM,7:00 PM,Quants Lab by Quants.Space x POD,Party/Dinner,Free,Link,
6a8e568fe258d46833953354,"Tue, 6 October",3:30 PM,8:00 PM,The Revo Connect 2026 Singapore,Networking,Free,Link,
6a98d712d567345aad683326,"Tue, 6 October",3:30 PM,5:00 PM,Onchain at Scale — IBM × Optimism,Networking,Free,Link,
6a6976bed1b48ddf39d09146,"Tue, 6 October",4:00 PM,8:00 PM,TOKENISED SINGAPORE VIP EVENT,Networking,Free,Link,
6a59152b0aadc8b6ce22f4ee,"Tue, 6 October",4:30 PM,9:00 PM,Demo Day & Pitch Competition | Hosted by Nonlocal,Workshop/Hackathon,Free,Link,
6a772bb2a56e01c060792fa1,"Tue, 6 October",6:00 PM,10:00 PM,Open Board: Founders & VC's,Networking,Free,Link,
6a7615f23c450a45429d7e47,"Tue, 6 October",6:00 PM,9:00 PM,Stablecoins: from Tokens to Rails. A debate,Conference/Summit,Free,Link,
6a7d349a298f21044c270cbd,"Tue, 6 October",6:00 PM,10:00 PM,SunDAO: Investors & Builders Mixer,Networking,US$0-12,Link,
6a865a0a81489b66e4941879,"Tue, 6 October",6:00 PM,10:00 PM,"Off-menu: RWA, Defi and whiskey night.",Networking,Free,Link,
6a8e940f4ee2bfcc85982b67,"Tue, 6 October",6:00 PM,10:00 PM,DWF Labs Haus - Singapore 2026,Networking,Free,Link,
6a8b40dd244677004e8f532b,"Tue, 6 October",6:00 PM,10:00 PM,ALPHA AFTER HOURS — Where Traders Meet,Networking,Free,Link,
6a8fbae6e258d46833953770,"Tue, 6 October",6:00 PM,9:00 PM,Web3 Accountant Meet 2026,Networking,Free,Link,
6a9ecc22967be0befa88c4ee,"Tue, 6 October",6:00 PM,9:00 PM,Cocktails in the SKAI,Networking,Free,Link,
6a90fdd2e258d46833953a5b,"Tue, 6 October",6:30 PM,10:00 PM,The Future of Money & Payments,Party/Dinner,Free,Link,
6a98c303d567345aad6832c8,"Tue, 6 October",6:30 PM,9:00 PM,APAC Onchain Capital Markets Dinner,Party/Dinner,Free,Link,
6a85be15244677004e8f47ba,"Tue, 6 October",6:30 PM,9:30 PM,Anti Capital Private Reception: Singapore,Networking,Free,Link,
6a54a1d247aa29a14892478b,"Tue, 6 October",7:00 PM,11:00 PM,TOKEN2049 Speaker Reception,Party/Dinner,Free,Link,
6a7144fa5a75007b41000c8e,"Tue, 6 October",7:00 PM,10:00 PM,The Blue Party,Networking,Free,Link,
6a79d26a251d42f6afebae14,"Tue, 6 October",7:00 PM,2:00 AM,GameFi Afterburn: Play. Connect. Evolve.,Networking,Free,Link,
6a8440ce244677004e8f4491,"Tue, 6 October",7:30 PM,10:30 PM,Blockchain.com: The Restaurant at the End of the Conference,Party/Dinner,Free,Link,
6a7e862dd354d830a224026c,"Tue, 6 October",8:00 PM,11:00 PM,The Institutional Ark: Anchoring the Next Era of Digital Asset Growth,Networking,US$0-288,Link,
6a9e61c1967be0befa88c279,"Tue, 6 October",8:00 PM,10:30 PM,"FLOW STATE — Sui, Capital & the People Building It (Co-hosted by Comma3 Ven",Party/Dinner,Free,Link,
6a8c04e081489b66e494213d,"Tue, 6 October",8:30 PM,11:30 PM,Liquid Hours By Libeara,Party/Dinner,Free,Link,
6a51f5763438be070d7a99de,"Wed, 7 October",7:00 AM,7:00 PM,Curated Networking with Collably Network - Day 1,Workshop/Hackathon,Free,Link,
6a54a1483438be070d7a9bdb,"Wed, 7 October",7:30 AM,6:00 PM,TOKEN2049 Singapore - Day 1,Conference/Summit,US$399-4999,Link,
6a739dd0d1b48ddf39d09e54,"Wed, 7 October",7:30 AM,7:00 PM,Forbes Global CEO Conference - Day 1,Conference/Summit,Free,Link,
6a7399105a75007b41001064,"Wed, 7 October",8:00 AM,6:00 PM,Milken Institute Asia Summit - Day 1,Conference/Summit,Free,Link,
6a4fb19410f84b19adc7250e,"Wed, 7 October",9:00 AM,4:00 PM,Sui Basecamp 2026 - Day 1,Party/Dinner,US$99,Link,
6a7ae1983647af5c01c06660,"Wed, 7 October",9:00 AM,5:30 PM,DeFinition Singapore 2026,Conference/Summit,Free,Link,
6a8d73e481489b66e4942478,"Wed, 7 October",9:00 AM,6:00 PM,All That Matters  - Day 3,Conference/Summit,US$649-1249,Link,
6a9e2985d567345aad6843b9,"Wed, 7 October",9:00 AM,12:00 PM,Compass: Meet & Brunch @ Singapore,Party/Dinner,Free,Link,
6a534c0647aa29a148924645,"Wed, 7 October",10:00 AM,12:00 AM,TRADERS WEEK | SINGAPORE 🇸🇬🏆 - Day 3,Other,Free,Link,
6a9ab836d567345aad683a98,"Wed, 7 October",10:00 AM,12:00 PM,Starknet: Coffee & Beats,Networking,Free,Link,
6a9f1f8cd567345aad6847e6,"Wed, 7 October",10:00 AM,12:00 PM,Neobankers Brunch: More Than A Crypto Card,Networking,Free,Link,
6a9064774ee2bfcc8598306c,"Wed, 7 October",11:00 AM,2:00 PM,Founders & Investors Brunch ✨ (invite only) Singapore,Networking,Free,Link,
6a70b3b894416b29c3823db3,"Wed, 7 October",12:00 PM,7:03 PM,new-design-test,Party/Dinner,Free,Link,
6a94f904d567345aad682144,"Wed, 7 October",2:00 PM,6:00 PM,THOUGHT LEADERS SUMMIT,Workshop/Hackathon,Free,Link,
6a4fda113da1e45bc7967ce3,"Wed, 7 October",2:30 PM,5:00 PM,"Sera.cx Stablecoins: Liquidity, Meet Flow",Networking,Free,Link,
6a8eb797e258d468339534a1,"Wed, 7 October",3:00 PM,6:00 PM,Pizza Break | Artemis Digital — Day 1,Networking,Free,Link,
6a9064b04ee2bfcc85983072,"Wed, 7 October",3:00 PM,5:00 PM,VCs & LPs Cocktail Hour ✨ (invite only) Singapore,Party/Dinner,Free,Link,
6a9e7f72d567345aad684576,"Wed, 7 October",3:00 PM,4:00 PM,Token Sale Summit 2026,Conference/Summit,Free,Link,
6a8ab6bd81489b66e4941f1a,"Wed, 7 October",5:00 PM,9:00 PM,Institutions x Whales: VVIP Yatch Party,Networking,Free,Link,
6a951ed8d567345aad6821a9,"Wed, 7 October",5:00 PM,7:00 PM,10x Research 'Get Together',Party/Dinner,Free,Link,
6a8fa7b14ee2bfcc85982e75,"Wed, 7 October",5:00 PM,9:00 PM,"STS Digital & Derive.xyz - Volatility, Yield & Cocktails",Party/Dinner,Free,Link,
6a91a3b2e258d46833953c1f,"Wed, 7 October",5:00 PM,8:00 PM,RWA Beyond the Hype: VIP Private Dinner,Party/Dinner,Free,Link,
6a86481781489b66e494185f,"Wed, 7 October",5:00 PM,8:00 PM,The Real Yield Happy Hour by HoneyB,Networking,Free,Link,
6a8eb8a0e258d468339534b0,"Wed, 7 October",6:00 PM,11:30 PM,Founder X VC Roundtable - Day 1,Networking,Free,Link,
6a8c8a3181489b66e4942296,"Wed, 7 October",6:00 PM,9:00 PM,Solidus Labs Socials,Networking,Free,Link,
6a9e3058d567345aad6843d5,"Wed, 7 October",6:00 PM,10:00 PM,ZOOMEX TRADERS AFTER PARTY,Party/Dinner,Free,Link,
6a96cadad567345aad682820,"Wed, 7 October",6:30 PM,11:00 PM,UTXO Pitch Night,Networking,Free,Link,
6a96865c967be0befa88a4e9,"Wed, 7 October",6:30 PM,9:30 PM,Night By The Pool,Networking,Free,Link,
6a54a2b83438be070d7a9c01,"Wed, 7 October",7:00 PM,10:00 PM,TOKEN2049 SAP Holders Evening,Party/Dinner,Free,Link,
6a6ff092d1b48ddf39d09856,"Wed, 7 October",7:00 PM,11:00 PM,Quantstamp x Common Defense Singapore Sips,Party/Dinner,Free,Link,
6a7ea639d354d830a22402c7,"Wed, 7 October",7:00 PM,11:00 PM,Convergence Mixer by Surgence Labs,Party/Dinner,Free,Link,
6a86dd6b244677004e8f4cc1,"Wed, 7 October",7:00 PM,11:00 PM,MINI APPS AFTER DARK 🌙,Networking,Free,Link,
6a959418d567345aad68237f,"Wed, 7 October",7:00 PM,12:00 AM,Retrofuture Soiree by ChangeNOW: Singapore Edition,Party/Dinner,Free,Link,
6a92a643d567345aad681dcc,"Wed, 7 October",7:00 PM,10:00 PM,MST Blockchain - Offchain Hours | Consensus & Cocktails🍸,Party/Dinner,Free,Link,
6a9bdd92967be0befa88badc,"Wed, 7 October",7:00 PM,10:00 PM,Capital x Counsel,Party/Dinner,Free,Link,
6a9912ffd567345aad68344b,"Wed, 7 October",7:00 PM,12:00 PM,The Next Horizon Soireé | Web3 Meets Electric Mobility 🏍️,Party/Dinner,Free,Link,
6a5800e4695677e454daf3f5,"Wed, 7 October",7:30 PM,12:00 AM,Crypto Noir:After Party,Party/Dinner,Free,Link,
6a91a3944ee2bfcc8598332b,"Wed, 7 October",8:00 PM,10:00 PM,RWA Beyond the Hype: Industry Talks & Networking,Networking,Free,Link,
6a9a9f20967be0befa88b7d8,"Wed, 7 October",8:00 PM,11:00 PM,Powering Modern Payments,Networking,Free,Link,
6a4fb19510f84b19adc72510,"Thu, 8 October",12:00 AM,12:00 AM,Sui Basecamp 2026 - Day 2,Party/Dinner,US$99,Link,
6a51f5783438be070d7a99e0,"Thu, 8 October",7:00 AM,7:00 PM,Curated Networking with Collably Network - Day 2,Workshop/Hackathon,Free,Link,
6a54a1523438be070d7a9bdd,"Thu, 8 October",7:30 AM,6:00 PM,TOKEN2049 Singapore - Day 2,Conference/Summit,US$399-4999,Link,
6a739df6d1b48ddf39d09e5a,"Thu, 8 October",7:30 AM,9:00 PM,Forbes Global CEO Conference - Day 2,Conference/Summit,Free,Link,
6a7399235a75007b41001066,"Thu, 8 October",8:00 AM,6:00 PM,Milken Institute Asia Summit - Day 2,Conference/Summit,Free,Link,
6a8fc994e258d468339537a0,"Thu, 8 October",8:30 AM,11:30 AM,On-Chain Horizons: Founders x Funders,Networking,Free,Link,
6a96f2e1d567345aad6828f1,"Thu, 8 October",8:30 AM,12:00 PM,"Payments, Treasury and Tokenization Summit 2026",Conference/Summit,Free,Link,
6a5012663da1e45bc7967d9d,"Thu, 8 October",9:00 AM,4:00 PM,Sui Basecamp - Day 2,Conference/Summit,US$99-299,Link,
6a6711ea5a75007b41000117,"Thu, 8 October",9:00 AM,6:00 PM,Stablecoin Summit,Conference/Summit,US$500-750,Link,
6a8da2244ee2bfcc8598298f,"Thu, 8 October",9:00 AM,6:00 PM,HSC Asset Management Singapore,Conference/Summit,US$0-375,Link,
6a534c0647aa29a148924647,"Thu, 8 October",10:00 AM,12:00 AM,TRADERS WEEK | SINGAPORE 🇸🇬🏆 - Day 4,Other,Free,Link,
6a9c22bdd567345aad683ddc,"Thu, 8 October",10:00 AM,12:00 PM,Ivy Alumni & Friends Meetup,Networking,Free,Link,
6a9f5ba7967be0befa88c687,"Thu, 8 October",10:00 AM,12:00 PM,Amigoo Ventures Coffee & Capital (SINGAPORE),Networking,Free,Link,
6a9a41d8d567345aad68388e,"Thu, 8 October",11:00 AM,5:00 PM,Tacnode APEX: The Future of Crypto,Networking,Free,Link,
6a5a9b190aadc8b6ce22f6f5,"Thu, 8 October",1:00 PM,8:00 PM,QDay Singapore,Workshop/Hackathon,Free,Link,
6a8affe881489b66e4941f8f,"Thu, 8 October",1:20 PM,5:15 PM,"gm AI v2 by 0xJeff, BlockRun, CodecFlow, Dolphin, Kite, OpenServ, Reppo",Networking,Free,Link,
6a96422fd567345aad6825dc,"Thu, 8 October",2:00 PM,6:00 PM,Ethereum Ecosystem Summit,Conference/Summit,Free,Link,
6a71f32ad1b48ddf39d09b86,"Thu, 8 October",2:00 PM,8:00 PM,Agentic Finance Summit,Conference/Summit,Free,Link,
6a8ee68c4ee2bfcc85982c91,"Thu, 8 October",2:00 PM,8:00 PM,The Odds: Prediction Markets Live,Conference/Summit,Free,Link,
6a8eb7cae258d468339534a6,"Thu, 8 October",3:00 PM,6:00 PM,Pizza Break | Artemis Digital — Day 2,Networking,Free,Link,
6a5930850aadc8b6ce22f530,"Thu, 8 October",3:30 PM,6:30 PM,The Treasury Table: A CFO Summit,Conference/Summit,Free,Link,
6a82e3a1244677004e8f41f6,"Thu, 8 October",4:00 PM,8:00 PM,Proof Of Liquidity: Singapore Edition by Yield Network,Party/Dinner,Free,Link,
6a8eb93ae258d468339534ba,"Thu, 8 October",6:00 PM,11:30 PM,Founder X VC Roundtable - Day 2,Networking,Free,Link,
6a8c7de981489b66e4942278,"Thu, 8 October",6:30 PM,10:00 PM,Money Layer Singapore,Conference/Summit,Free,Link,
6a8feacce258d46833953821,"Thu, 8 October",6:30 PM,10:30 PM,The Garden Room,Party/Dinner,Free,Link,
6a92a6f5967be0befa889bd3,"Thu, 8 October",7:00 PM,10:00 PM,Sundown Mixer | MST Blockchain Singapore,Party/Dinner,Free,Link,
6a960eb3d567345aad682528,"Thu, 8 October",7:00 PM,11:00 PM,Exclusive Whiskey & Cigar Evening - Day 2,Networking,Free,Link,
6a9ab0b3d567345aad683a7f,"Thu, 8 October",8:00 PM,10:00 PM,SINGAPORE TRADING TOURNAMENT,Other,Free,Link,
6a9a7f7b967be0befa88b723,"Thu, 8 October",8:00 PM,1:00 AM,FutureXcon,Party/Dinner,Free,Link,
6a8c9025244677004e8f55b6,"Thu, 8 October",9:00 PM,2:00 AM,Above the Rails,Party/Dinner,Free,Link,
6a73992d5a75007b41001068,"Fri, 9 October",8:00 AM,6:00 PM,Milken Institute Asia Summit - Day 3,Conference/Summit,Free,Link,
6a622e12d1b48ddf39d08981,"Fri, 9 October",9:00 AM,6:00 PM,Vault Summit,Conference/Summit,US$500-750,Link,
6a5ea218d1b48ddf39d0835f,"Fri, 9 October",10:00 AM,6:00 PM,Finality Forum | Full-day conference on Institutional Digital Assets,Conference/Summit,Free,Link,
6a6026bf5a75007b41fff94b,"Fri, 9 October",10:00 AM,5:00 PM,RWA SUMMIT SINGAPORE,Conference/Summit,US$0-300,Link,
6a534c0747aa29a148924649,"Fri, 9 October",10:00 AM,12:00 AM,TRADERS WEEK | SINGAPORE 🇸🇬🏆 - Day 5,Other,Free,Link,
6a7d9e0dd354d830a2240125,"Fri, 9 October",10:00 AM,5:00 PM,DAT Summit - Trackside Edition,Networking,Free,Link,
6a739bc8d1b48ddf39d09e32,"Fri, 9 October",12:30 PM,6:00 PM,F1 Practice and Sprint Qualifying,Sport,US$200-12000,Link,
6a69bf67d1b48ddf39d091c4,"Fri, 9 October",4:00 PM,7:00 PM,Builders Meet 🇸🇬,Networking,Free,Link,
6a91c098e258d46833953c64,"Fri, 9 October",4:00 PM,11:30 PM,Yacht Party- Crypto Whales,Networking,Free,Link,
6a6a54add1b48ddf39d0929d,"Fri, 9 October",6:00 PM,10:00 PM,Founder x VC Summit: Day 2 (Private),Networking,US$0-149,Link,
6a82e3bb244677004e8f41fc,"Fri, 9 October",7:00 PM,10:00 PM,"Proof Of Liquidity: VIP Dinner by Yield Network, Ink Chain, RockawayX, and",Party/Dinner,Free,Link,
6a88446e81489b66e4941c05,"Fri, 9 October",7:00 PM,2:00 AM,🎮 SPARKY: GAME ON!,Party/Dinner,Free,Link,
6a70cfea5a75007b41000c24,"Fri, 9 October",7:30 PM,12:00 PM,VIP Crypto Casino Dinner & Party by Rugbet.gg | Singapore,Party/Dinner,Free,Link,
6a9a8659d567345aad6839ac,"Fri, 9 October",7:30 PM,10:30 PM,"The Institutional Table: Private Dinner on Tokenization, Stablecoins and Se",Party/Dinner,Free,Link,
6a9f15a0967be0befa88c5ea,"Fri, 9 October",9:00 PM,11:59 PM,Central Command x Blofin,Networking,Free,Link,
6a534c0847aa29a14892464b,"Sat, 10 October",10:00 AM,12:00 AM,TRADERS WEEK | SINGAPORE 🇸🇬🏆 - Day 6,Other,Free,Link,
6a739c525a75007b4100108c,"Sat, 10 October",1:00 PM,6:00 PM,F1 Sprint Race and Grand Prix Qualifying,Sport,US$200-12000,Link,
6a9183c14ee2bfcc859832c8,"Sat, 10 October",3:00 PM,11:00 PM,F1 SG x Crypto VC - Qualifying Day,Networking,Free,Link,
6a901b124ee2bfcc85982fd4,"Sat, 10 October",6:00 PM,10:00 PM,Padel Hangout by Arc Trading,Sport,Free,Link,
6a94113cd567345aad681fcd,"Sat, 10 October",7:00 PM,12:00 PM,Crypto Syndicate Party,Party/Dinner,Free,Link,
6a9184244ee2bfcc859832cd,"Sun, 11 October",3:00 PM,12:30 PM,F1 SG x Crypto VC - Race Day,Networking,Free,Link,
6a739ce35a75007b41001095,"Sun, 11 October",4:00 PM,10:00 PM,F1 Singapore Grand Prix Night Race,Sport,US$200-12000,Link,