Event Name,Date Start,Date End,Country,City,Venue,Category,Focus Areas,Estimated Size,Ticket Type,Website URL,Source Platform,Notes
Bespoke Interior Design Consultation for Home Renovation,2026-05-19,2026-05-19,Singapore,Singapore,"195 Pearl's Hill Ter, #02 18",Event,,,,https://www.eventbrite.com/e/bespoke-interior-design-consultation-for-home-renovation-tickets-1989213083882,Eventbrite,
Copy of VCs across the Globe | In person - Online| Singapore,2026-05-19,2026-05-19,Singapore,Singapore,Singapore,Event,,,,https://www.eventbrite.com/e/copy-of-vcs-across-the-globe-in-person-online-singapore-tickets-1988826127485,Eventbrite,
AI Email Marketing Masterclass | Workshop | Hackathon  | Bootcamp,2026-05-19,2026-05-19,Singapore,Singapore,TBD,Event,,,,https://www.eventbrite.com/e/ai-email-marketing-masterclass-workshop-hackathon-bootcamp-tickets-1980273921607,Eventbrite,
Make Friends at International Culture Exchange,2026-05-19,,Singapore,Singapore,National Library Old Chang Kee,Meetup,,,Free,https://www.meetup.com/singapores-language-culture-exchange/events/312781232/,Meetup.com,
Logistics Innovation & Technology Enablement Showcase (LITES),2026-05-20,2026-05-20,Singapore,Singapore,Supply Chain Innovation Lab,Event,,,,https://www.eventbrite.sg/e/logistics-innovation-technology-enablement-showcase-lites-registration-1585430608629,Eventbrite,
Sanrio-themed Decoden Cream Workshop,2026-05-20,2026-05-20,Singapore,Singapore,Hougang Street 52,Event,,,,https://www.eventbrite.sg/e/sanrio-themed-decoden-cream-workshop-tickets-1983515422022,Eventbrite,
Trinket tray + Decoupage + highlights + Resin,2026-05-20,2026-05-20,Singapore,Singapore,Esty Art Academy,Event,,,,https://www.eventbrite.sg/e/trinket-tray-decoupage-highlights-resin-tickets-1550272780619,Eventbrite,
Escape the Grind: The 5-Step System to Reclaim Your Freedom,2026-05-20,2026-05-20,Singapore,Singapore,NBOT Singapore Chapter - Moved to Online Session,Event,,,,https://www.eventbrite.com/e/escape-the-grind-the-5-step-system-to-reclaim-your-freedom-tickets-1977310197027,Eventbrite,
Chinese Drama Production-Bai Yun Gang 我们的白云岗2026,2026-05-20,2026-05-20,Singapore,Singapore,LT4， Nanyang Junior College,Event,,,,https://www.eventbrite.sg/e/chinese-drama-production-bai-yun-gang-2026-tickets-1987381812500,Eventbrite,
"Smart Healthcare with AI – The Future of Human-Centred Care (@NYP, LT S2)",2026-05-20,2026-05-20,Singapore,Singapore,"Blk S, LT-S2",Event,,,,https://www.eventbrite.sg/e/smart-healthcare-with-ai-the-future-of-human-centred-care-nyp-lt-s2-tickets-1989208110005,Eventbrite,
Xandro Run Club Run #18 - 5k Training Week 6,2026-05-20,2026-05-20,Singapore,Singapore,Key Power Sports,Event,,,,https://www.eventbrite.sg/e/xandro-run-club-run-18-5k-training-week-6-tickets-1987589462587,Eventbrite,
Punch Needle Coaster/Keychain,2026-05-20,2026-05-20,Singapore,Singapore,Hougang Street 52,Event,,,,https://www.eventbrite.sg/e/punch-needle-coasterkeychain-tickets-1983513847312,Eventbrite,
Digital Drawing & Painting Art Workshop Experience 数码绘画工作坊 (Wed.周三),2026-05-20,2026-05-20,Singapore,Singapore,20B Mosque St,Event,,,,https://www.eventbrite.sg/e/digital-drawing-painting-art-workshop-experience-wed-tickets-1984267131405,Eventbrite,
Single in Singapore City heads to the Jungle,2026-05-20,2026-05-20,Singapore,Singapore,Jungle Ballroom,Event,,,,https://www.eventbrite.sg/e/single-in-singapore-city-heads-to-the-jungle-tickets-1988227648418,Eventbrite,
Scope Tech Talk,2026-05-20,2026-05-20,Singapore,Singapore,Built Wheels,Event,,,,https://www.eventbrite.com/e/scope-tech-talk-tickets-1989635377975,Eventbrite,
WIB Networking Event - Kuala Lumpur,2026-05-20,2026-05-20,Malaysia,Kuala Lumpur,Conexus Studio,Event,,,,https://www.eventbrite.com.au/e/wib-networking-event-kuala-lumpur-tickets-1988964999856,Eventbrite,
ASICS Running Club Malaysia,2026-05-20,2026-05-20,Malaysia,Kuala Lumpur,Institut Sukan Negara,Event,,,,https://www.eventbrite.com/e/asics-running-club-malaysia-tickets-1979512288542,Eventbrite,
ReSkills Connect Day Business Networking - From Connection to Capital,2026-05-20,2026-05-20,Malaysia,Kuala Lumpur,ReSkills Hub,Event,,,,https://www.eventbrite.com/e/reskills-connect-day-business-networking-from-connection-to-capital-tickets-1988530194341,Eventbrite,
Adults Badminton Training Class In Petaling Jaya,2026-05-20,2026-05-20,Malaysia,Kuala Lumpur,Ara Court Badminton Hall,Event,,,,https://www.eventbrite.sg/e/adults-badminton-training-class-in-petaling-jaya-tickets-1988175631835,Eventbrite,
MYLOG - MALAYSIA LOGISTIC & WAREHOUSE EXPO,2026-05-20,2026-05-22,Malaysia,Kuala Lumpur,Setia City Convention Centre,Event,,,,https://www.eventbrite.com/e/mylog-malaysia-logistic-warehouse-expo-tickets-1964801081927,Eventbrite,
Fractional Executive Workshop + AI,2026-05-20,2026-05-20,Singapore,Singapore,"iFAST Global Markets Singapore, 10 Collyer Quay, #26-01 Ocean Financial Centre, Singapore 049315",Community Event,,,,https://lu.ma/dbirrlja,Luma,
Happy Hour - Tech Leaders Level Up,2026-05-20,2026-05-20,Singapore,Singapore,,Community Event,,,,https://lu.ma/sa5vn04a,Luma,
SameKind Singapore Founder Dinner,2026-05-20,2026-05-20,Singapore,Singapore,"The Blackbird, 8 Lock Rd, Singapore 108936",Community Event,,,,https://lu.ma/orin79g2,Luma,
1 Day Lead Gen/Marketing AI Bootcamp For Business Owners,2026-05-21,2026-05-21,Singapore,Singapore,Suntec Singapore Convention & Exhibition Centre,Event,,,,https://www.eventbrite.sg/e/1-day-lead-genmarketing-ai-bootcamp-for-business-owners-tickets-1988987949499,Eventbrite,
Join Biggest Community | Investors Founders | Singapore | Online,2026-05-21,2026-05-21,Singapore,Singapore,Singapore,Event,,,,https://www.eventbrite.com/e/join-biggest-community-investors-founders-singapore-online-tickets-1975080088713,Eventbrite,
Resin Geode Layered work with semi precious stones,2026-05-21,2026-05-21,Singapore,Singapore,The Criterion,Event,,,,https://www.eventbrite.sg/e/resin-geode-layered-work-with-semi-precious-stones-tickets-1553631707259,Eventbrite,
Fourth Thursdays Free & Easy Business Networking in Johor Bahru,2026-05-21,2026-05-21,Malaysia,Kuala Lumpur,The Coffee Bean & Tea Leaf,Event,,,,https://www.eventbrite.sg/e/fourth-thursdays-free-easy-business-networking-in-johor-bahru-tickets-1127326296299,Eventbrite,
Join Biggest Community | Investors Founders | Kuala Lumpur | Online,2026-05-21,2026-05-21,Malaysia,Kuala Lumpur,Federal Territory of Kuala Lumpur,Event,,,,https://www.eventbrite.com/e/join-biggest-community-investors-founders-kuala-lumpur-online-tickets-1975105068428,Eventbrite,
(HRDC Claimable) Smart Facilities Management with Digital Technology,2026-05-21,2026-05-22,Malaysia,Kuala Lumpur,Educ8 Training Centre,Event,,,,https://www.eventbrite.sg/e/hrdc-claimable-smart-facilities-management-with-digital-technology-registration-1987488562793,Eventbrite,
"Networking is better in trainers. Join Blue InCube, Glints & Factorem for Pickleball at LaunchPad.",2026-05-21,2026-05-21,Singapore,Singapore,,Community Event,,,,https://lu.ma/25vk5lzr,Luma,
BLOCK71 FRACTIONS: Validate Your Pitch (Panel & Pitch with VCs),2026-05-21,2026-05-21,Singapore,Singapore,"Alibaba Cloud (Singapore), 51 Bras Basah Rd, #03 06, Singapore 189554",Community Event,,,,https://lu.ma/py7bieob,Luma,
Tech Sunset Run - Partnerships Edition,2026-05-21,2026-05-21,Singapore,Singapore,"Chimi's Especial, 70 Collyer Quay, #01-01 Customs House, Singapore 049323",Community Event,,,,https://lu.ma/ia2sx6s8,Luma,
Green Drinks KL: Sustainability 2.0 - Business as a Force for Good,2026-05-21,2026-05-21,Malaysia,Kuala Lumpur,"Ampersand Advisory Sdn Bhd, Mid Valley Megamall, 39-3, the Boulevard offices, Mid Valley City, 59200 Kuala Lumpur, Federal Territory of Kuala Lumpur, Malaysia",Community Event,,,,https://lu.ma/rkpykfzx,Luma,
"Dinner & Life: Good food, good people",2026-05-21,,Singapore,Singapore,City Hall MRT Exit A,Meetup,,,Free,https://www.meetup.com/project-100-building-genuine-friendships/events/314593972/,Meetup.com,
How to Use AI to Attract Leads & Customers from the Cold Market,2026-05-22,2026-05-22,Singapore,Singapore,International Plaza,Event,,,,https://www.eventbrite.sg/e/how-to-use-ai-to-attract-leads-customers-from-the-cold-market-tickets-1988315232384,Eventbrite,
Managing in Technology: The Skills the Job Demands,2026-05-22,2026-05-22,Singapore,Singapore,NUS-ISS,Event,,,,https://www.eventbrite.sg/e/managing-in-technology-the-skills-the-job-demands-tickets-1988393896671,Eventbrite,
[Go Green SG 2026] Nature and Sustainability Tour: Urban Wetlands,2026-05-22,2026-05-22,Singapore,Singapore,"Satay by the Bay, Tables outside toilet and next to western food",Event,,,,https://www.eventbrite.sg/e/go-green-sg-2026-nature-and-sustainability-tour-urban-wetlands-tickets-1985416721861,Eventbrite,
TuasOne Waste-to-Energy Plant Visit,2026-05-22,2026-05-22,Singapore,Singapore,TuasOne Waste-to-Energy Plant,Event,,,,https://www.eventbrite.sg/e/tuasone-waste-to-energy-plant-visit-tickets-1989064593744,Eventbrite,
One day Pichwai painting workshop in Singapore!,2026-05-22,2026-05-22,Singapore,Singapore,Serangoon Avenue 3,Event,,,,https://www.eventbrite.sg/e/one-day-pichwai-painting-workshop-in-singapore-tickets-1343869924119,Eventbrite,
Bengkel Coding Walnut - Alpha-Pi Buggy,2026-05-22,2026-05-22,Malaysia,Kuala Lumpur,PPAS Raja Tun Uda Parking (Block B),Event,,,,https://www.eventbrite.sg/e/bengkel-coding-walnut-alpha-pi-buggy-tickets-1988802576042,Eventbrite,
Sip and Paint: The Red Lady,2026-05-22,2026-05-22,Malaysia,Kuala Lumpur,Le Masterpiece,Event,,,,https://www.eventbrite.sg/e/sip-and-paint-the-red-lady-tickets-1988672551134,Eventbrite,
Shanghai Fair Healthcare Malaysia,2026-05-22,2026-05-22,Malaysia,Kuala Lumpur,Malaysia International Trade and Exhibition Centre,Event,,,,https://www.eventbrite.sg/e/shanghai-fair-healthcare-malaysia-tickets-1984384734158,Eventbrite,
Female Founders Reset: Morning Yoga & Connection,2026-05-22,2026-05-22,Singapore,Singapore,"SQ Collective x Gen-AI Labs, 65 Mohamed Sultan Rd, Singapore 239003",Community Event,,,,https://lu.ma/z709bmqq,Luma,
Co-work Fridays @ SQCo - The Stage: Why a single prompt-to-app agent needs domain-ready tools first,2026-05-22,2026-05-22,Singapore,Singapore,"SQ Collective x Gen-AI Labs, 65 Mohamed Sultan Rd, Singapore 239003",Community Event,,,,https://lu.ma/1yx31g56,Luma,
Friday Dinner & Drinks | Expats Social (Biweekly),2026-05-22,,Singapore,Singapore,Chimichanga Marina,Meetup,,,Free,https://www.meetup.com/expats-working-and-living-in-singapore/events/313780607/,Meetup.com,
Chill & Cheers Friday,2026-05-22,,Malaysia,Kuala-Lumpur,Marinero Mediterranean Dining & Bar @ Lalaport,Meetup,,,Free,https://www.meetup.com/friends-of-kuala-lumpur/events/314346938/,Meetup.com,
AI SPARK SESSION,2026-05-23,2026-05-23,Singapore,Singapore,HarbourFront Tower Two,Event,,,,https://www.eventbrite.sg/e/ai-spark-session-tickets-1987105740762,Eventbrite,
WSQ Implement Incident Management Processes (PI-PRO-325E-1)Run 432,2026-05-23,2026-05-23,Singapore,Singapore,OnePeople.sg,Event,,,,https://www.eventbrite.sg/e/wsq-implement-incident-management-processes-pi-pro-325e-1run-432-tickets-1988374981094,Eventbrite,
[By Appointment Only] Robotics Training & Competition Prep (FLL/NRC/IDE),2026-05-23,2026-05-23,Singapore,Singapore,(Venue depends on availability) 23 Serangoon Central,Event,,,,https://www.eventbrite.com/e/by-appointment-only-robotics-training-competition-prep-fllnrcide-tickets-1981510882390,Eventbrite,
Coding School for Kids Near Me: Lego Robotics Trial Classes (Ages 4 -12),2026-05-23,2026-05-23,Singapore,Singapore,Empire AI River Valley,Event,,,,https://www.eventbrite.sg/e/coding-school-for-kids-near-me-lego-robotics-trial-classes-ages-4-12-tickets-1985118908092,Eventbrite,
Coding School for Kids Near Me: Minecraft Coding Trial Classes (Ages 8–12),2026-05-23,2026-05-23,Singapore,Singapore,Empire AI Novena Campus,Event,,,,https://www.eventbrite.sg/e/coding-school-for-kids-near-me-minecraft-coding-trial-classes-ages-812-tickets-1983603365062,Eventbrite,
Coding School for Kids Near Me: Roblox Coding Trial Classes (Ages 9–19),2026-05-23,2026-05-23,Singapore,Singapore,Empire AI Novena Campus,Event,,,,https://www.eventbrite.sg/e/coding-school-for-kids-near-me-roblox-coding-trial-classes-ages-919-tickets-1983662737647,Eventbrite,
Vibe Coding: Build Your Webpage Ages 13-16,2026-05-23,2026-05-23,Singapore,Singapore,The Young Maker (Lowland Road),Event,,,,https://www.eventbrite.sg/e/vibe-coding-build-your-webpage-ages-13-16-tickets-1988363222925,Eventbrite,
[Go Green SG 2026] Nature & Sustainability Tour: Urban Biodiversity Walk,2026-05-23,2026-05-23,Singapore,Singapore,"Gardens by the Bay Sustainability Gallery, right outside Gardens by the Bay MRT (TE22) Exit 1",Event,,,,https://www.eventbrite.sg/e/go-green-sg-2026-nature-sustainability-tour-urban-biodiversity-walk-tickets-1985425841137,Eventbrite,
Little Green Explorers: A Veggie Adventure,2026-05-23,2026-05-23,Singapore,Singapore,Temasek Shophouse,Event,,,,https://www.eventbrite.sg/e/little-green-explorers-a-veggie-adventure-tickets-1989066111283,Eventbrite,
REVL SG Studio Games,2026-05-23,2026-05-23,Singapore,Singapore,Perennial Business City,Event,,,,https://www.eventbrite.sg/e/revl-sg-studio-games-tickets-1988813958086,Eventbrite,
Digitalizing your Business with AI Agents,2026-05-23,2026-05-23,Malaysia,Kuala Lumpur,Sandbox Coworking Space - Sunway,Event,,,,https://www.eventbrite.com/e/digitalizing-your-business-with-ai-agents-tickets-1989444948395,Eventbrite,
Sip and Paint : Paint Your Own Theme,2026-05-23,2026-05-23,Malaysia,Kuala Lumpur,Le Masterpiece,Event,,,,https://www.eventbrite.sg/e/sip-and-paint-paint-your-own-theme-tickets-1988672566179,Eventbrite,
Sip and Paint (Glow in the Dark): Two Cutties,2026-05-23,2026-05-23,Malaysia,Kuala Lumpur,Le Masterpiece,Event,,,,https://www.eventbrite.sg/e/sip-and-paint-glow-in-the-dark-two-cutties-tickets-1988672576209,Eventbrite,
"Notion Workshop: Build & Bloom - Flowers, Matcha, and Your New Favourite Productivity System",2026-05-23,2026-05-23,Singapore,Singapore,,Community Event,,,,https://lu.ma/vx0wmx69,Luma,
OPEN DAY @ Network School: Open Hardware Day,2026-05-23,2026-05-23,Singapore,Singapore,"Network School, Jalan Forest City 5, Pulau Satu 8, 81550 Gelang Patah, Johor Darul Ta'zim, Malaysia",Community Event,,,,https://lu.ma/qsko9o3g,Luma,
Founders Running Club :: Singapore,2026-05-23,2026-05-23,Singapore,Singapore,"Open Sourced, 10A Perak Rd, Singapore 208131",Community Event,,,,https://lu.ma/54jotko0,Luma,
Launch Your Own Successful AI App | AI Startup | Workshop 2026,2026-05-24,2026-05-24,Singapore,Singapore,TBD,Event,,,,https://www.eventbrite.com/e/launch-your-own-successful-ai-app-ai-startup-workshop-2026-tickets-1987730992908,Eventbrite,
"Master the Art of Buying, Selling & Scaling Startups Successfully!",2026-05-24,2026-05-24,Singapore,Singapore,TBA,Event,,,,https://www.eventbrite.com/e/master-the-art-of-buying-selling-scaling-startups-successfully-tickets-1977196718610,Eventbrite,
StarHub WatchParty: Premier League Final Day,2026-05-24,2026-05-24,Singapore,Singapore,3 River Valley Rd,Event,,,,https://www.eventbrite.sg/e/starhub-watchparty-premier-league-final-day-tickets-1989371519768,Eventbrite,
SOULSTICE CCA - Performance Planning,2026-05-24,2026-05-24,Singapore,Singapore,Basic Studio,Event,,,,https://www.eventbrite.com/e/soulstice-cca-performance-planning-tickets-1989634468254,Eventbrite,
Workshop: Bear Brick - Paint Your Customise Design (2pm Sun),2026-05-24,2026-05-24,Malaysia,Kuala Lumpur,Le Masterpiece,Event,,,,https://www.eventbrite.sg/e/workshop-bear-brick-paint-your-customise-design-2pm-sun-tickets-1988385851608,Eventbrite,
Paws & Humans @ Ikigai,2026-05-24,2026-05-25,Malaysia,Kuala Lumpur,"Ikigai Izakaya Bar | Kushiyaki & Highball | Pet Friendly, 104A & 104B, LEVEL 1, Jalan SS 24/2, Taman Megah, 47301 Petaling Jaya, Selangor, Malaysia",Community Event,,,,https://lu.ma/c5gxue7w,Luma,
"SGLightTheSparks social event: Kodak Chimera, Milo Plushie, gift card giveaway",2026-05-24,,Singapore,Singapore,Timbre+ One North,Meetup,,,Free,https://www.meetup.com/sg-light-the-sparks/events/314431634/,Meetup.com,
WSQ Respond to Fire Incident in Workplace (PI-CP-104E-1) Run 474 (MANDARIN),2026-05-25,2026-05-25,Singapore,Singapore,OnePeople.sg,Event,,,,https://www.eventbrite.sg/e/wsq-respond-to-fire-incident-in-workplace-pi-cp-104e-1-run-474-mandarin-tickets-1988381996076,Eventbrite,
DIY Hairbrush Workshop with myBoostars [City Square Mall],2026-05-25,2026-05-25,Singapore,Singapore,Guardian Health & Beauty + Pharmacy – City Square Mall (Click & Collect),Event,,,,https://www.eventbrite.com/e/diy-hairbrush-workshop-with-myboostars-city-square-mall-tickets-1989641074012,Eventbrite,
(HRDF Claimable) Google Partner - Google & YouTube Advertising Workshop,2026-05-25,2026-05-26,Malaysia,Kuala Lumpur,Cloud Media (Digital Advertising & Academy),Event,,,,https://www.eventbrite.com/e/hrdf-claimable-google-partner-google-youtube-advertising-workshop-tickets-1986310179216,Eventbrite,
Neural Networking & Co-Working Mondays,2026-05-25,2026-05-25,Singapore,Singapore,"Lorong AI @ One-North, 69 Ayer Rajah Cres., Singapore 139961",Community Event,,,,https://lu.ma/hacmdst7,Luma,
Catapult Beyond Masterclass: AI in Action,2026-05-25,2026-05-25,Singapore,Singapore,"Catapult by CapitaLand, 1 Rochester Park, #02-01 Rochester Commons, Singapore 139212",Community Event,,,,https://lu.ma/0pru61kx,Luma,
"Partners, Governance & AI: The Conversations Shaping How We Grow, Lead, and Build",2026-05-25,2026-05-25,Singapore,Singapore,,Community Event,,,,https://lu.ma/aeha3nai,Luma,
VIP Yacht (AI x Future of Finance) Gathering @Cove V1,2026-05-25,2026-05-25,Singapore,Singapore,,Community Event,,,,https://lu.ma/c70ia898,Luma,
Designing Healthy Digital Boundaries at Work (26 May 2026),2026-05-26,2026-05-26,Singapore,Singapore,JustCo – The Centrepoint | Coworking & Office Space,Event,,,,https://www.eventbrite.com/e/designing-healthy-digital-boundaries-at-work-26-may-2026-tickets-1989742500381,Eventbrite,
C.L.E.A.R: Digital Transformation In Learning and Development,2026-05-26,2026-05-26,Malaysia,Kuala Lumpur,UpSkillingMinds Sdn Bhd (HRD Corp Certified Training Provider),Event,,,,https://www.eventbrite.sg/e/clear-digital-transformation-in-learning-and-development-tickets-1988461304289,Eventbrite,
FATF Report Decoded: What CSPs Must Do Now,2026-05-26,2026-05-26,Singapore,Singapore,"One Raffles Place, 1 Raffles Pl, Singapore 048616",Community Event,,,,https://lu.ma/c05jxpgq,Luma,
The 4th World Brain Disorders and Neuroscience Summit 2026    (BDNS 2026),2026-05-27,2026-05-29,Singapore,Singapore,317 Outram Road Singapore 169075,Event,,,,https://www.eventbrite.hk/e/the-4th-world-brain-disorders-and-neuroscience-summit-2026-bdns-2026-tickets-1550142099749,Eventbrite,
The AI Burnout Cure: A Personalized Plan to Start Being Productive.,2026-05-27,2026-05-27,Singapore,Singapore,Singapore: Moved to Online Event,Event,,,,https://www.eventbrite.com/e/the-ai-burnout-cure-a-personalized-plan-to-start-being-productive-tickets-1989257690301,Eventbrite,
Hyundai Innovation Centre Visit and Workshop,2026-05-27,2026-05-27,Singapore,Singapore,"The Bayshore and Hyundai Innovation Centre, Jurong West",Event,,,,https://www.eventbrite.com/e/hyundai-innovation-centre-visit-and-workshop-tickets-1987660816007,Eventbrite,
IAA Presents: Identity Reset Lab,2026-05-28,2026-05-28,Singapore,Singapore,LinkedIn APAC HQ,Event,,,,https://www.eventbrite.com/e/iaa-presents-identity-reset-lab-tickets-1985356559915,Eventbrite,
Managing Human Capital Costs After Singapore Budget 2026,2026-05-28,2026-05-28,Singapore,Singapore,German Centre,Event,,,,https://www.eventbrite.sg/e/managing-human-capital-costs-after-singapore-budget-2026-tickets-1986051550651,Eventbrite,
Certified Digital Transformation Professional (CDTP) @ Singapore,2026-05-28,2026-05-29,Singapore,Singapore,CASUGOL,Event,,,,https://www.eventbrite.sg/e/certified-digital-transformation-professional-cdtp-singapore-tickets-1989773447946,Eventbrite,
SMS (Seniors-Meet-Seniors) @ NLB on 28 May 2026 (Thursday),2026-05-28,2026-05-28,Singapore,Singapore,Bishan Public Library,Event,,,,https://www.eventbrite.sg/e/sms-seniors-meet-seniors-nlb-on-28-may-2026-thursday-tickets-1988756878359,Eventbrite,
French Tech Run - May Edition,2026-05-28,2026-05-29,Singapore,Singapore,"Carrotsticks and Cravings Robertson Quay, 7 Rodyk St, #01-34, Singapore 238215",Community Event,,,,https://lu.ma/9pzv7w48,Luma,
Entrepreneurs Meetup by We Founders Collab Singapore 2026,2026-05-29,2026-05-29,Singapore,Singapore,Paya Lebar Square,Event,,,,https://www.eventbrite.com/e/entrepreneurs-meetup-by-we-founders-collab-singapore-2026-tickets-1987816678195,Eventbrite,
GLOBAL STARTUPS CLUB l STARTUP NETWORKING Singapore 2026,2026-05-29,2026-05-29,Singapore,Singapore,Paya Lebar Square,Event,,,,https://www.eventbrite.com/e/global-startups-club-l-startup-networking-singapore-2026-tickets-1987674318393,Eventbrite,
Rewind - 90s & 2000s Hip Hop x RnB,2026-05-29,2026-05-30,Singapore,Singapore,"Blu Jaz, Clarke Quay Central",Event,,,,https://www.eventbrite.sg/e/rewind-90s-2000s-hip-hop-x-rnb-tickets-1988978007763,Eventbrite,
14th GoGreen Summit - Malaysia 2026 (14th GGS),2026-05-29,2026-05-30,Malaysia,Kuala Lumpur,Jalan Sultan Ismail,Event,,,,https://www.eventbrite.com/e/14th-gogreen-summit-malaysia-2026-14th-ggs-tickets-1987319374747,Eventbrite,
Sip and Paint: Cosmic Twilight,2026-05-29,2026-05-29,Malaysia,Kuala Lumpur,Le Masterpiece,Event,,,,https://www.eventbrite.sg/e/sip-and-paint-cosmic-twilight-tickets-1988680495897,Eventbrite,
Founders Fitness Friday 🏀 &🧊🛁 Edition~,2026-05-29,2026-05-29,Singapore,Singapore,"Basketball Court Chinatown Complex, Chinatown Complex, Roof Top, Singapore",Community Event,,,,https://lu.ma/ngjajrw6,Luma,
Pizza and Beer with IBM Bob: Your AI Development Partner,2026-05-29,2026-05-29,Singapore,Singapore,,Community Event,,,,https://lu.ma/77qff4dr,Luma,
Nature & Sustainability Tour: Urban Biodiversity Walk [May '26],2026-05-30,2026-05-30,Singapore,Singapore,"Gardens by the Bay Sustainability Gallery, right outside Gardens by the Bay MRT (TE22) Exit 1",Event,,,,https://www.eventbrite.sg/e/nature-sustainability-tour-urban-biodiversity-walk-may-26-tickets-1985884669505,Eventbrite,
SST Open House 2026,2026-05-30,2026-05-30,Singapore,Singapore,"School of Science and Technology, Singapore",Event,,,,https://www.eventbrite.sg/e/sst-open-house-2026-tickets-1986516518382,Eventbrite,
Tembusu Institute Open House 2026 | Diploma & Degree Programmes | Singapore,2026-05-30,2026-05-30,Singapore,Singapore,Tembusu Institute Pte. Ltd.,Event,,,,https://www.eventbrite.sg/e/tembusu-institute-open-house-2026-diploma-degree-programmes-singapore-tickets-1985429090857,Eventbrite,
Build Your First AI Agent in 60 Minutes,2026-05-30,2026-05-30,Singapore,Singapore,Toby's Estate Coffee Roasters Singapore,Event,,,,https://www.eventbrite.com/e/build-your-first-ai-agent-in-60-minutes-tickets-1986295996796,Eventbrite,
LinkedIn Workshop for Career Reinvention,2026-05-30,2026-05-30,Singapore,Singapore,83 Clemenceau Ave,Event,,,,https://www.eventbrite.com/e/linkedin-workshop-for-career-reinvention-tickets-1987108370628,Eventbrite,
Sip and Paint : Lavender Farm,2026-05-30,2026-05-30,Malaysia,Kuala Lumpur,Le Masterpiece,Event,,,,https://www.eventbrite.sg/e/sip-and-paint-lavender-farm-tickets-1988753573474,Eventbrite,
In sync with Dr Pek - Decoding Diastasis Recti,2026-05-30,2026-05-30,Singapore,Singapore,"Lentor Modern, 1 Lentor Central, Singapore 788887",Community Event,,,,https://lu.ma/9kptu5pu,Luma,
Green Market by Veg-Hub and Kechara Forest Retreat,2026-05-31,2026-05-31,Malaysia,Kuala Lumpur,Kechara Forest Retreat,Event,,,,https://www.eventbrite.com/e/green-market-by-veg-hub-and-kechara-forest-retreat-tickets-1987978485164,Eventbrite,
ISTQB Test Analyst Training Course (in English) - Singapore,2026-06-01,2026-06-01,Singapore,Singapore,Regus - Singapore 77 Robinson Road,Event,,,,https://www.eventbrite.com/e/istqb-test-analyst-training-course-in-english-singapore-tickets-1332898097089,Eventbrite,
"[Returning] Kids Coding Camp: Learn by Coding Fun Games, Animations & Apps",2026-06-01,2026-06-01,Singapore,Singapore,LCCL Coding Academy,Event,,,,https://www.eventbrite.sg/e/returning-kids-coding-camp-learn-by-coding-fun-games-animations-apps-tickets-1981075179190,Eventbrite,
Coding & Robotics: 2-Day  Scratch Holiday Workshop for Kids Ages 7-11 [SOK],2026-06-01,2026-06-02,Singapore,Singapore,The Young Maker (Stars of Kovan),Event,,,,https://www.eventbrite.sg/e/coding-robotics-2-day-scratch-holiday-workshop-for-kids-ages-7-11-sok-tickets-1988192888450,Eventbrite,
ISTQB® Advanced Level Test Manager Training Course (in English) - Singapore,2026-06-01,2026-06-01,Singapore,Singapore,Regus - Singapore 77 Robinson Road,Event,,,,https://www.eventbrite.com/e/istqb-advanced-level-test-manager-training-course-in-english-singapore-tickets-1012641286347,Eventbrite,
"June & July AI, Coding & Robotics Summer Holiday Camp for Kids | Ages 4–19",2026-06-01,2026-06-01,Singapore,Singapore,Empire AI Novena Campus,Event,,,,https://www.eventbrite.sg/e/june-july-ai-coding-robotics-summer-holiday-camp-for-kids-ages-419-tickets-1988147469601,Eventbrite,
Coding and Robotics: 2 Day LEGO SPIKE PRIME Workshop [SOK],2026-06-01,2026-06-02,Singapore,Singapore,The Young Maker (Stars of Kovan),Event,,,,https://www.eventbrite.sg/e/coding-and-robotics-2-day-lego-spike-prime-workshop-sok-tickets-1988194377905,Eventbrite,
Bootcamp: 3-hour 3D Modelling Workshop for Kids,2026-06-01,2026-06-01,Singapore,Singapore,The Young Maker (Lowland Road),Event,,,,https://www.eventbrite.sg/e/bootcamp-3-hour-3d-modelling-workshop-for-kids-tickets-1988667788890,Eventbrite,
Summer Holiday Art Camp - Acrylic Painting 8 Sessions (6-9YO),2026-06-01,2026-06-01,Singapore,Singapore,Visual Arts Centre @ Dhoby Ghaut MRT Station Exit B,Event,,,,https://www.eventbrite.sg/e/summer-holiday-art-camp-acrylic-painting-8-sessions-6-9yo-tickets-1989636104147,Eventbrite,
"[Beginners] Kids Coding Camp: Learn by Coding Fun Games, Animations & Apps",2026-06-01,2026-06-01,Singapore,Singapore,LccL Coding Academy,Event,,,,https://www.eventbrite.sg/e/beginners-kids-coding-camp-learn-by-coding-fun-games-animations-apps-tickets-1981077379772,Eventbrite,
Water Trekkers Holiday Camp,2026-06-01,2026-06-01,Singapore,Singapore,Sheltered Walkway leading to Stadium MRT Exit B,Event,,,,https://www.eventbrite.sg/e/water-trekkers-holiday-camp-tickets-1986386602801,Eventbrite,
Holiday Art Immersion - Digital Drawing & Painting 12 Sessions (6-9YO),2026-06-01,2026-06-01,Singapore,Singapore,Visual Arts Centre @ Dhoby Ghaut MRT Station Exit B,Event,,,,https://www.eventbrite.sg/e/holiday-art-immersion-digital-drawing-painting-12-sessions-6-9yo-tickets-1989768887305,Eventbrite,
Koocester Founder's Health,2026-06-01,2026-06-01,Malaysia,Kuala Lumpur,"Afterburn Training Club - HYROX Affiliate Training Centre, Fima Building, Suite PL.2, Plaza Level, Block C, 45, Jalan Medan Setia 1, Bukit Damansara, 50490 Kuala Lumpur, Wilayah Persekutuan Kuala Lumpur, Malaysia",Community Event,,,,https://lu.ma/koocester-wkjn,Luma,
Generative AI for Society and Workplace | Singapore,2026-06-02,2026-06-02,Singapore,Singapore,Singapore,Event,,,,https://www.eventbrite.com.au/e/generative-ai-for-society-and-workplace-singapore-tickets-1147816462939,Eventbrite,
[Adults & Seniors] Unwind Through Digital Piano @ Thomson Plaza,2026-06-02,2026-06-02,Singapore,Singapore,"Yamaha Music School, Thomson Plaza Branch",Event,,,,https://www.eventbrite.sg/e/adults-seniors-unwind-through-digital-piano-thomson-plaza-tickets-1988745760104,Eventbrite,
ISO/IEC 42001 Artificial Intelligence Management System (AIMS) Foundation,2026-06-02,2026-06-02,Malaysia,Kuala Lumpur,Petaling Jaya,Event,,,,https://www.eventbrite.co.uk/e/isoiec-42001-artificial-intelligence-management-system-aims-foundation-tickets-1978816010957,Eventbrite,
Emotional Intelligence Training Course,2026-06-02,2026-06-02,Malaysia,Kuala Lumpur,"Lot 6, Lorong Utara C, Section 52, 46200 Petaling Jaya, Selangor",Event,,,,https://www.eventbrite.co.uk/e/emotional-intelligence-training-course-tickets-1979213984306,Eventbrite,
TikTok Marketing For Malaysian Businesses - HRDC Approved Training Course,2026-06-02,2026-06-02,Malaysia,Kuala Lumpur,Petaling Jaya,Event,,,,https://www.eventbrite.co.uk/e/tiktok-marketing-for-malaysian-businesses-hrdc-approved-training-course-tickets-1978880233047,Eventbrite,
3 Day Advanced Drone UAV Pilot & Flying Training Course - HRDF Approved,2026-06-02,2026-06-02,Malaysia,Kuala Lumpur,Petaling Jaya,Event,,,,https://www.eventbrite.co.uk/e/3-day-advanced-drone-uav-pilot-flying-training-course-hrdf-approved-tickets-1978880013390,Eventbrite,
Coding & Robotics: 2 Day Scratch Jr. Holiday Workshop Ages 5-6 [SOK],2026-06-03,2026-06-04,Singapore,Singapore,The Young Maker (Stars of Kovan),Event,,,,https://www.eventbrite.sg/e/coding-robotics-2-day-scratch-jr-holiday-workshop-ages-5-6-sok-tickets-1988614481446,Eventbrite,
Coding & Robotics: 2-Day Python Holiday Workshop for Kids Ages 12-15 [SOK],2026-06-03,2026-06-04,Singapore,Singapore,The Young Maker (Stars of Kovan),Event,,,,https://www.eventbrite.sg/e/coding-robotics-2-day-python-holiday-workshop-for-kids-ages-12-15-sok-tickets-1988614693079,Eventbrite,
Social Media and Digital Marketing Short Training Course - HRDF Approved,2026-06-03,2026-06-03,Malaysia,Kuala Lumpur,Petaling Jaya,Event,,,,https://www.eventbrite.co.uk/e/social-media-and-digital-marketing-short-training-course-hrdf-approved-tickets-1978881238053,Eventbrite,
Bridging Sustainability and Finance with IFRS S1 & S2 Workshop,2026-06-03,2026-06-03,Malaysia,Kuala Lumpur,Bernard Business Consulting Sdn. Bhd.,Event,,,,https://www.eventbrite.com/e/bridging-sustainability-and-finance-with-ifrs-s1-s2-workshop-tickets-1985697824647,Eventbrite,
Offering Our Faith: A Special Day of Retreat,2026-06-04,2026-06-04,Singapore,Singapore,"Kadampa Meditation Centre, Singapore",Event,,,,https://www.eventbrite.sg/e/offering-our-faith-a-special-day-of-retreat-tickets-1989238522971,Eventbrite,
James Cook University in Singapore - CITBA Lecture Series #2,2026-06-04,2026-06-04,Singapore,Singapore,James Cook University in Singapore,Event,,,,https://www.eventbrite.sg/e/james-cook-university-in-singapore-citba-lecture-series-2-tickets-1989192225494,Eventbrite,
Professional Business Networking Session with BNI Ambitious Singapore,2026-06-04,2026-06-04,Singapore,Singapore,Rendezvous Hotel Singapore,Event,,,,https://www.eventbrite.sg/e/professional-business-networking-session-with-bni-ambitious-singapore-tickets-1989170297908,Eventbrite,
Search Engine Optimisation SEO for Google - HRDC Claimable Training Course,2026-06-04,2026-06-04,Malaysia,Kuala Lumpur,Petaling Jaya,Event,,,,https://www.eventbrite.co.uk/e/search-engine-optimisation-seo-for-google-hrdc-claimable-training-course-tickets-1978881965228,Eventbrite,
YouthTech Singapore's Technology Student Leaders Alliance (TSLA) June 2026,2026-06-04,2026-06-04,Singapore,Singapore,"Microsoft Singapore, 182 Cecil St, #13-01, Singapore 069547",Community Event,,,,https://lu.ma/vk6xymnk,Luma,
Coding & Robotics:  2 Day Artificial Intelligence Workshop for Kids [SOK],2026-06-05,2026-06-06,Singapore,Singapore,The Young Maker (Stars of Kovan),Event,,,,https://www.eventbrite.sg/e/coding-robotics-2-day-artificial-intelligence-workshop-for-kids-sok-tickets-1988614344035,Eventbrite,
Tea Talk: In Celebration of the 190th Anniversary of Yeoh Kongsi,2026-06-05,2026-06-05,Malaysia,Kuala Lumpur,Penang Institute,Event,,,,https://www.eventbrite.com/e/tea-talk-in-celebration-of-the-190th-anniversary-of-yeoh-kongsi-tickets-1987501834489,Eventbrite,
Nature & Sustainability Tour: The Secret Life of Pollinators [Jun '26],2026-06-06,2026-06-06,Singapore,Singapore,Jurassic Nest FoodHall (Michelin Rated Food),Event,,,,https://www.eventbrite.sg/e/nature-sustainability-tour-the-secret-life-of-pollinators-jun-26-tickets-1988741477294,Eventbrite,
Nature and Sustainability Tour: Biodiversity & Ecosystems [Jun' 26],2026-06-06,2026-06-06,Singapore,Singapore,"Gardens by the Bay, Main Arrival, Outside McDonalds",Event,,,,https://www.eventbrite.sg/e/nature-and-sustainability-tour-biodiversity-ecosystems-jun-26-tickets-1988741233565,Eventbrite,
Nature & Sustainability Tour: A Sensory Stroll -Hidden in Plain Sight [Jun],2026-06-06,2026-06-06,Singapore,Singapore,"Gardens by the Bay, Friends of Gardens Centre",Event,,,,https://www.eventbrite.sg/e/nature-sustainability-tour-a-sensory-stroll-hidden-in-plain-sight-jun-tickets-1988741690933,Eventbrite,
Plant-Based by Design: Reimagining Longevity & Innovation 以植为本的设计：重新构思长寿与创新,2026-06-06,2026-06-06,Singapore,Singapore,Tzu Chi Humanistic Youth Centre 慈济人文青年中心,Event,,,,https://www.eventbrite.sg/e/plant-based-by-design-reimagining-longevity-innovation-tickets-1989443964452,Eventbrite,
Air-conditioner Recycling and Eco Tour at Gain City,2026-06-06,2026-06-06,Singapore,Singapore,71 Sungei Kadut Dr,Event,,,,https://www.eventbrite.sg/e/air-conditioner-recycling-and-eco-tour-at-gain-city-tickets-1988802863903,Eventbrite,
SCat Fair 2026 (trial),2026-06-06,2026-06-07,Malaysia,Kuala Lumpur,Hikmah Exchange Event Centre,Event,,,,https://www.eventbrite.com/e/scat-fair-2026-trial-tickets-1988452613294,Eventbrite,
"myStarjob Fair 6 & 7 June 2026 | Setia SPICE Convention Centre, PENANG",2026-06-06,2026-06-07,Malaysia,Kuala Lumpur,Setia SPICE Convention Centre,Event,,,,https://www.eventbrite.com/e/mystarjob-fair-6-7-june-2026-setia-spice-convention-centre-penang-tickets-1984941803367,Eventbrite,
"ISTQB® Foundation Exam and Training Course - Singapore, 3 days, in English",2026-06-08,2026-06-08,Singapore,Singapore,Hiap Hoe Building At Zhongshan Park,Event,,,,https://www.eventbrite.com/e/istqb-foundation-exam-and-training-course-singapore-3-days-in-english-tickets-847433816357,Eventbrite,
ISTQB® Agile tester Exam and Training Course - Singapore,2026-06-08,2026-06-08,Singapore,Singapore,Suntec Tower 2,Event,,,,https://www.eventbrite.com/e/istqb-agile-tester-exam-and-training-course-singapore-tickets-1004359023877,Eventbrite,
12th IMCB-Miltenyi Joint Symposium,2026-06-08,2026-06-08,Singapore,Singapore,Matrix,Event,,,,https://www.eventbrite.sg/e/12th-imcb-miltenyi-joint-symposium-tickets-1988062724125,Eventbrite,
Minecraft Magic: Holidays Coding Workshop for Kids Aged 7-11,2026-06-08,2026-06-09,Singapore,Singapore,The Young Maker (Stars of Kovan),Event,,,,https://www.eventbrite.sg/e/minecraft-magic-holidays-coding-workshop-for-kids-aged-7-11-tickets-1988193726958,Eventbrite,
Internet of Things (IoT) Specialist  Training Course - HRDF Approved,2026-06-08,2026-06-08,Malaysia,Kuala Lumpur,Petaling Jaya,Event,,,,https://www.eventbrite.co.uk/e/internet-of-things-iot-specialist-training-course-hrdf-approved-tickets-1979209404608,Eventbrite,
Personal Professional Growth Training Course,2026-06-08,2026-06-08,Malaysia,Kuala Lumpur,"Lot 6, Lorong Utara C, Section 52, 46200 Petaling Jaya, Selangor",Event,,,,https://www.eventbrite.co.uk/e/personal-professional-growth-training-course-tickets-1978809507505,Eventbrite,
Professional Drone and UAV Pilot & Flying - HRDC Approved Training Course,2026-06-08,2026-06-08,Malaysia,Kuala Lumpur,Petaling Jaya,Event,,,,https://www.eventbrite.co.uk/e/professional-drone-and-uav-pilot-flying-hrdc-approved-training-course-tickets-1978822092146,Eventbrite,
ISO/IEC 27001 Foundations of Information Security Management System (ISMS),2026-06-08,2026-06-08,Malaysia,Kuala Lumpur,Petaling Jaya,Event,,,,https://www.eventbrite.co.uk/e/isoiec-27001-foundations-of-information-security-management-system-isms-tickets-1978811867564,Eventbrite,
Introduction to Generative AI for Safety Professionals,2026-06-09,2026-06-09,Singapore,Singapore,The Arcade,Event,,,,https://www.eventbrite.sg/e/introduction-to-generative-ai-for-safety-professionals-tickets-1989643676797,Eventbrite,
Mindstone Singapore June AI Meetup,2026-06-09,2026-06-09,Singapore,Singapore,"European Hotel School, HSE Singapore",Event,,,,https://www.eventbrite.co.uk/e/mindstone-singapore-june-ai-meetup-tickets-1989819549838,Eventbrite,
"GPF Exe Wkshp on Value Creation in Liquid Bulk Log, 9-11 Jun 26, Singapore",2026-06-09,2026-06-11,Singapore,Singapore,Pan Pacific Singapore,Event,,,,https://www.eventbrite.sg/e/gpf-exe-wkshp-on-value-creation-in-liquid-bulk-log-9-11-jun-26-singapore-tickets-973410686567,Eventbrite,
Swiss Film Barry & Me. The Swiss Weeks 2026 Closing Event,2026-06-09,2026-06-09,Singapore,Singapore,Capitol Theatre,Event,,,,https://www.eventbrite.sg/e/swiss-film-barry-me-the-swiss-weeks-2026-closing-event-tickets-1986970660734,Eventbrite,
Will be training,2026-06-09,2026-06-09,Malaysia,Kuala Lumpur,Do or die,Event,,,,https://www.eventbrite.com/e/will-be-training-tickets-1988530252515,Eventbrite,
Minecraft Magic: March Holidays Coding Workshop for Kids Aged 7-11,2026-06-10,2026-06-11,Singapore,Singapore,The Young Maker (Lowland Road),Event,,,,https://www.eventbrite.sg/e/minecraft-magic-march-holidays-coding-workshop-for-kids-aged-7-11-tickets-1988268028195,Eventbrite,
Using Instagram in Business Training Course - HRDF Approved,2026-06-10,2026-06-10,Malaysia,Kuala Lumpur,Petaling Jaya,Event,,,,https://www.eventbrite.co.uk/e/using-instagram-in-business-training-course-hrdf-approved-tickets-1979375811335,Eventbrite,
Cradle LIVE! Open Day June,2026-06-10,2026-06-10,Malaysia,Kuala Lumpur,Cradle Fund Sdn Bhd,Event,,,,https://www.eventbrite.sg/e/cradle-live-open-day-june-tickets-1989285869586,Eventbrite,
PTM01: Treasury Management Seminar Training Program,2026-06-11,2026-06-12,Singapore,Singapore,Sheraton Towers Singapore,Event,,,,https://www.eventbrite.sg/e/ptm01-treasury-management-seminar-training-program-tickets-1048569578837,Eventbrite,
Effective Email Marketing with Mailchimp - HRDC Claimable Training Course,2026-06-11,2026-06-11,Malaysia,Kuala Lumpur,Petaling Jaya,Event,,,,https://www.eventbrite.co.uk/e/effective-email-marketing-with-mailchimp-hrdc-claimable-training-course-tickets-1978959103952,Eventbrite,
"Study in UK & Australia Open House@111 Somerset  (Friday, 12 June)",2026-06-12,2026-06-12,Singapore,Singapore,"111 Somerset Rd, #09 36",Event,,,,https://www.eventbrite.sg/e/study-in-uk-australia-open-house111-somerset-friday-12-june-tickets-1749855247149,Eventbrite,
PAC01: Accounting Fundamentals Seminar Training Program,2026-06-12,2026-06-12,Singapore,Singapore,Sheraton Towers Singapore,Event,,,,https://www.eventbrite.sg/e/pac01-accounting-fundamentals-seminar-training-program-tickets-1983936453338,Eventbrite,
Urban Paws Summer Social,2026-06-13,2026-06-13,Singapore,Singapore,"TRIFECTA - Surf, Snow, Skate in Orchard Road",Event,,,,https://www.eventbrite.com/e/urban-paws-summer-social-tickets-1988748824269,Eventbrite,
Lion City Faire: A Symphony of Land and Sea,2026-06-13,2026-06-14,Singapore,Singapore,5 Cox Terrace,Event,,,,https://www.eventbrite.com/e/lion-city-faire-a-symphony-of-land-and-sea-tickets-1985629528371,Eventbrite,
RICS Malaysia - Technical Visit to Bangunan Sultan Abdul Samad (BSAS),2026-06-13,2026-06-13,Malaysia,Kuala Lumpur,Jalan Raja,Event,,,,https://www.eventbrite.sg/e/rics-malaysia-technical-visit-to-bangunan-sultan-abdul-samad-bsas-tickets-1988403825368,Eventbrite,
"A Somatic Approach to Nervous System, Movement & Relational Embodiment",2026-06-14,2026-06-14,Singapore,Singapore,Farrer Road MRT Station (CC20),Event,,,,https://www.eventbrite.sg/e/a-somatic-approach-to-nervous-system-movement-relational-embodiment-tickets-1988673248219,Eventbrite,
SANTAI SWARA – A MULTI INSTRUMENTS SOUNDBATH,2026-06-14,2026-06-14,Singapore,Singapore,SPACE2B,Event,,,,https://www.eventbrite.sg/e/santai-swara-a-multi-instruments-soundbath-tickets-1978077655516,Eventbrite,
Great Green Run 2026,2026-06-14,2026-06-14,Singapore,Singapore,Marina Barrage,Event,,,,https://www.eventbrite.sg/e/great-green-run-2026-tickets-1978821127260,Eventbrite,
Python Automation for Engineers Training | HRDC Claimable | Johor Bahru,2026-06-15,2026-06-18,Singapore,Singapore,"Berjaya Waterfront Hotel, Johor Bahru",Event,,,,https://www.eventbrite.ca/e/python-automation-for-engineers-training-hrdc-claimable-johor-bahru-registration-1986715182592,Eventbrite,
PCR03: Structuring Optimal Banking Lines Seminar Training Program,2026-06-15,2026-06-18,Singapore,Singapore,Sheraton Towers Singapore,Event,,,,https://www.eventbrite.sg/e/pcr03-structuring-optimal-banking-lines-seminar-training-program-tickets-1983936349026,Eventbrite,
LHDN e-Invoicing Training Malaysia HRDC Claimable,2026-06-15,2026-06-15,Malaysia,Kuala Lumpur,Menara PKNS,Event,,,,https://www.eventbrite.sg/e/lhdn-e-invoicing-training-malaysia-hrdc-claimable-tickets-1986193360809,Eventbrite,
Advanced Facebook Techniques Training Course - HRDC Approved,2026-06-15,2026-06-15,Malaysia,Kuala Lumpur,Petaling Jaya,Event,,,,https://www.eventbrite.co.uk/e/advanced-facebook-techniques-training-course-hrdc-approved-tickets-1979377320850,Eventbrite,
Teamwork & Collaboration Training Course,2026-06-15,2026-06-15,Malaysia,Kuala Lumpur,Hotel Armada Petaling Jaya,Event,,,,https://www.eventbrite.co.uk/e/teamwork-collaboration-training-course-tickets-1978370948764,Eventbrite,
Water Tech in Action: Imagine H2O Asia Showcase & Reception,2026-06-15,2026-06-15,Singapore,Singapore,"Asian Civilisations Museum, 1 Empress Pl, Singapore 179555",Community Event,,,,https://lu.ma/kze7ihff,Luma,
"2nd GPF Exe Wkshp on Use of Technology for Ports & Term, 16-17 Jun 26, SPR",2026-06-16,2026-06-17,Singapore,Singapore,M Hotel Singapore City Centre,Event,,,,https://www.eventbrite.sg/e/2nd-gpf-exe-wkshp-on-use-of-technology-for-ports-term-16-17-jun-26-spr-tickets-1267525566089,Eventbrite,
PTF01: Understanding International Trade Finance Seminar Training Program,2026-06-16,2026-06-17,Singapore,Singapore,Sheraton Towers Singapore,Event,,,,https://www.eventbrite.sg/e/ptf01-understanding-international-trade-finance-seminar-training-program-tickets-1983936219639,Eventbrite,
Advanced Social Media Techniques Training Course - HRDC Approved,2026-06-16,2026-06-16,Malaysia,Kuala Lumpur,Petaling Jaya,Event,,,,https://www.eventbrite.co.uk/e/advanced-social-media-techniques-training-course-hrdc-approved-tickets-1979377736092,Eventbrite,
PRM03: Operational Risk Management Seminar Training Program,2026-06-18,2026-06-19,Singapore,Singapore,Sheraton Towers Singapore,Event,,,,https://www.eventbrite.sg/e/prm03-operational-risk-management-seminar-training-program-tickets-512471815997,Eventbrite,
Your Digital Home in 3 Hours – Hands-On Canva Website Workshop for Startups,2026-06-18,2026-06-18,Singapore,Singapore,Guthrie Building,Event,,,,https://www.eventbrite.sg/e/your-digital-home-in-3-hours-hands-on-canva-website-workshop-for-startups-tickets-1989307428068,Eventbrite,
Singapore Dubai Business Networking & Startup Meet (Free Online),2026-06-18,2026-06-18,Singapore,Singapore,Singapore,Event,,,,https://www.eventbrite.com/e/singapore-dubai-business-networking-startup-meet-free-online-tickets-1988787208076,Eventbrite,
Singapore Australia Business Networking & Startup Meet (Free Online),2026-06-18,2026-06-18,Singapore,Singapore,Singapore,Event,,,,https://www.eventbrite.com/e/singapore-australia-business-networking-startup-meet-free-online-tickets-1988787135860,Eventbrite,
"GPF ExeWshop on Excellence in Container Term Opns, 18-19 Jun  26, Singapore",2026-06-18,2026-06-19,Singapore,Singapore,M Hotel Singapore City Centre,Event,,,,https://www.eventbrite.sg/e/gpf-exewshop-on-excellence-in-container-term-opns-18-19-jun-26-singapore-tickets-1681566654129,Eventbrite,
Design Smarter with Canva - Online 4 Hour Training,2026-06-18,2026-06-18,Malaysia,Kuala Lumpur,Petaling Jaya,Event,,,,https://www.eventbrite.co.uk/e/design-smarter-with-canva-online-4-hour-training-tickets-1979292020715,Eventbrite,
International Conference on Environmental Science and Development (ICESD),2026-06-19,2026-06-19,Singapore,Singapore,Village Hotel Changi,Event,,,,https://www.eventbrite.sg/e/international-conference-on-environmental-science-and-development-icesd-tickets-1988619988919,Eventbrite,
Exploring Sustainable Spaces with CapitaLand Development @ Geneo,2026-06-19,2026-06-19,Singapore,Singapore,"Singapore Science Park 1, Geneo",Event,,,,https://www.eventbrite.sg/e/exploring-sustainable-spaces-with-capitaland-development-geneo-tickets-1989540742919,Eventbrite,
AI Vision Arcade Lab [Habourfront],2026-06-19,2026-06-19,Singapore,Singapore,"Agora Colearning (Preschool, Play School, Enrichment, Student Care)",Event,,,,https://www.eventbrite.com/e/ai-vision-arcade-lab-habourfront-tickets-1988817165680,Eventbrite,
Hand-Built Pottery Workshop,2026-06-19,2026-06-19,Singapore,Singapore,Block 308C HDB Punggol,Event,,,,https://www.eventbrite.com/e/hand-built-pottery-workshop-tickets-1987873465046,Eventbrite,
Summer Soulstice Immersion  .: The Rainbow Bridge - Return to the Inner Sun,2026-06-20,2026-06-21,Singapore,Singapore,Lazarus Island,Event,,,,https://www.eventbrite.sg/e/summer-soulstice-immersion-the-rainbow-bridge-return-to-the-inner-sun-tickets-1989083054962,Eventbrite,
Gamedev Jalan,2026-06-21,2026-06-21,Singapore,Singapore,National Library Building - Imagination & Possibility Rooms (Level 5),Event,,,,https://www.eventbrite.sg/e/gamedev-jalan-tickets-1989444139977,Eventbrite,
Business Analytics Course,2026-06-22,2026-06-24,Singapore,Singapore,One Raffles Place,Event,,,,https://www.eventbrite.sg/e/business-analytics-course-tickets-1983514302674,Eventbrite,
WSQ Advanced Design Thinking Certification - 18 - 20 May 2026,2026-06-22,2026-06-24,Singapore,Singapore,Lifelong Learning Institute - Learning Hub in Singapore,Event,,,,https://www.eventbrite.sg/e/wsq-advanced-design-thinking-certification-18-20-may-2026-tickets-1986869891330,Eventbrite,
"EW on Integrating Port Info for Visibility, Ctrl, 22-24 Jun 26, Singapore",2026-06-22,2026-06-24,Singapore,Singapore,M Hotel Singapore,Event,,,,https://www.eventbrite.sg/e/ew-on-integrating-port-info-for-visibility-ctrl-22-24-jun-26-singapore-tickets-1681579723219,Eventbrite,
Elevate Corporate Team Building Course,2026-06-22,2026-06-22,Malaysia,Kuala Lumpur,"Lot 6, Lorong Utara C, Section 52, 46200 Petaling Jaya, Selangor",Event,,,,https://www.eventbrite.co.uk/e/elevate-corporate-team-building-course-tickets-1979290642593,Eventbrite,
B Corp Asia Summit 2026 - A 100% HRDC Claimable Event,2026-06-22,2026-06-23,Malaysia,Kuala Lumpur,Royale Chulan Kuala Lumpur,Event,,,,https://www.eventbrite.sg/e/b-corp-asia-summit-2026-a-100-hrdc-claimable-event-tickets-1979277709911,Eventbrite,
Marketing AI Talk and Business Networking (Free Online),2026-06-23,2026-06-23,Singapore,Singapore,Singapore,Event,,,,https://www.eventbrite.com/e/marketing-ai-talk-and-business-networking-free-online-tickets-1989183935699,Eventbrite,
"3rd Executive Workshop on Reefer Container Logistics, 23-26 Jun 26 SPR",2026-06-23,2026-06-26,Singapore,Singapore,M Hotel Singapore City Centre,Event,,,,https://www.eventbrite.sg/e/3rd-executive-workshop-on-reefer-container-logistics-23-26-jun-26-spr-tickets-1266327913879,Eventbrite,
Startup Innovation and Design Thinking Community Networking,2026-06-23,2026-06-23,Singapore,Singapore,Singapore,Event,,,,https://www.eventbrite.com/e/startup-innovation-and-design-thinking-community-networking-tickets-1989183999891,Eventbrite,
Founders Talk to Grow your Startup (Free Online),2026-06-23,2026-06-23,Singapore,Singapore,Singapore,Event,,,,https://www.eventbrite.com/e/founders-talk-to-grow-your-startup-free-online-tickets-1989183984846,Eventbrite,
GreenTech Sustainability and Business Networking (Free Online),2026-06-23,2026-06-23,Singapore,Singapore,Singapore,Event,,,,https://www.eventbrite.com/e/greentech-sustainability-and-business-networking-free-online-tickets-1989184061074,Eventbrite,
Enhancing Safety Presentations Using Generative AI Tools,2026-06-23,2026-06-23,Singapore,Singapore,The Arcade,Event,,,,https://www.eventbrite.sg/e/enhancing-safety-presentations-using-generative-ai-tools-tickets-1989642868379,Eventbrite,
19th International Conference on Computer and Electrical Engineering -ICCEE,2026-06-24,2026-06-26,Singapore,Singapore,Holiday Inn Singapore Atrium by IHG,Event,,,,https://www.eventbrite.com/e/19th-international-conference-on-computer-and-electrical-engineering-iccee-tickets-1960109192359,Eventbrite,
Building a Sustainable Singapore: Open Edition,2026-06-24,2026-06-24,Singapore,Singapore,City Sprouts (Henderson),Event,,,,https://www.eventbrite.sg/e/building-a-sustainable-singapore-open-edition-tickets-1985355901947,Eventbrite,
GPF EW on Inland Container Depots – Operations and Planning on 24-25 Jun 26,2026-06-24,2026-06-25,Singapore,Singapore,M Hotel Singapore City Centre,Event,,,,https://www.eventbrite.sg/e/gpf-ew-on-inland-container-depots-operations-and-planning-on-24-25-jun-26-tickets-1267552145589,Eventbrite,
(HRDC Claimable) Modern Secretaries and Administrators Conference 2025,2026-06-24,2026-06-25,Malaysia,Kuala Lumpur,Grand Millennium Hotel Kuala Lumpur,Event,,,,https://www.eventbrite.sg/e/hrdc-claimable-modern-secretaries-and-administrators-conference-2025-registration-1986044567765,Eventbrite,
Klinikum Series+/ Intro to Digital Health (For Startups),2026-06-25,2026-06-25,Singapore,Singapore,Singapore (Virtual),Event,,,,https://www.eventbrite.com/e/klinikum-series-intro-to-digital-health-for-startups-tickets-1988895242209,Eventbrite,
AI Vision Arcade Lab [Ubi],2026-06-25,2026-06-25,Singapore,Singapore,Explorer Junior Ubi,Event,,,,https://www.eventbrite.com/e/ai-vision-arcade-lab-ubi-tickets-1988747490279,Eventbrite,
International CSR & Sustainability (ICS) Summit 2026 - HRDC Claimable,2026-06-26,2026-06-26,Malaysia,Kuala Lumpur,InterContinental Kuala Lumpur by IHG,Event,,,,https://www.eventbrite.hk/e/international-csr-sustainability-ics-summit-2026-hrdc-claimable-tickets-1982938758205,Eventbrite,
AfroFit™ Instructor  Course,2026-06-28,2026-06-28,Singapore,Singapore,JR Fitness Singapore (Bras Basah),Event,,,,https://www.eventbrite.sg/e/afrofittm-instructor-course-tickets-1988375681188,Eventbrite,
WSQ AI Business Innovation Management - 29 -30 June 2026,2026-06-29,2026-06-30,Singapore,Singapore,Lifelong Learning Institute - Learning Hub in Singapore,Event,,,,https://www.eventbrite.sg/e/wsq-ai-business-innovation-management-29-30-june-2026-tickets-1986869248407,Eventbrite,
"2nd GPF Exe WkshponMaster PlanningForPorts,  29 Jun - 1 Jul 26, Singapore",2026-06-29,2026-07-01,Singapore,Singapore,M Hotel Singapore,Event,,,,https://www.eventbrite.sg/e/2nd-gpf-exe-wkshponmaster-planningforports-29-jun-1-jul-26-singapore-tickets-1007265818177,Eventbrite,
Certified Strategic Digital Transformation Leader (SDTL),2026-06-29,2026-06-30,Malaysia,Kuala Lumpur,"The Horizon, Bangsar South",Event,,,,https://www.eventbrite.sg/e/certified-strategic-digital-transformation-leader-sdtl-tickets-1982435756714,Eventbrite,
How I Use Claude to Automate 99% of Content Creation (The Full AI Guide),2026-06-29,2026-06-29,Malaysia,Kuala Lumpur,EQ Kuala Lumpur,Event,,,,https://www.eventbrite.de/e/how-i-use-claude-to-automate-99-of-content-creation-the-full-ai-guide-tickets-1989740559576,Eventbrite,
Full Moon Meditation,2026-06-29,2026-06-29,Malaysia,Kuala Lumpur,The Golden Space® Malaysia,Event,,,,https://www.eventbrite.sg/e/full-moon-meditation-tickets-1989730234694,Eventbrite,
RNA Therapeutics & Manufacturing Asia 2026 (Solution Provider Outside SG),2026-06-30,2026-07-01,Singapore,Singapore,"Sands Expo & Convention Centre, Marina Bay Sands Singapore",Event,,,,https://www.eventbrite.sg/e/rna-therapeutics-manufacturing-asia-2026-solution-provider-outside-sg-tickets-1976710894497,Eventbrite,
"Strategic Breakthrough Summit 2026 (Wed) @ Kuala Lumpur, Malaysia",2026-07-01,2026-07-01,Malaysia,Kuala Lumpur,KL Gateway Mall,Event,,,,https://www.eventbrite.sg/e/strategic-breakthrough-summit-2026-wed-kuala-lumpur-malaysia-tickets-1989774032695,Eventbrite,
EXCELLENCE 2030 - Amplifiz Pharma and MedTech Conference (Singapore/APAC),2026-07-02,2026-07-02,Singapore,Singapore,METT Singapore,Event,,,,https://www.eventbrite.sg/e/excellence-2030-amplifiz-pharma-and-medtech-conference-singaporeapac-tickets-1985702487594,Eventbrite,
"EW on Dredging Techniques & Constn for Ports & Term. , 6-8 Jul 26, SPR",2026-07-06,2026-07-08,Singapore,Singapore,M Hotel Singapore,Event,,,,https://www.eventbrite.sg/e/ew-on-dredging-techniques-constn-for-ports-term-6-8-jul-26-spr-tickets-1984124327274,Eventbrite,
South East Asia Fashion Week - B2B TRADE FAIR,2026-07-07,2026-07-08,Malaysia,Kuala Lumpur,Putrajaya International Convention Centre,Event,,,,https://www.eventbrite.sg/e/south-east-asia-fashion-week-b2b-trade-fair-tickets-1989747853392,Eventbrite,
AI-Digital Leadership Summit 2026 @ Singapore,2026-07-08,2026-07-08,Singapore,Singapore,CASUGOL,Event,,,,https://www.eventbrite.sg/e/ai-digital-leadership-summit-2026-singapore-tickets-1989890068762,Eventbrite,
International Conference on Catalysis and Chemical Engineering,2026-07-09,2026-07-10,Singapore,Singapore,Singapore,Event,,,,https://www.eventbrite.it/e/international-conference-on-catalysis-and-chemical-engineering-tickets-1977270479230,Eventbrite,
PTM02: Treasury Markets and Products Seminar Training Program,2026-07-09,2026-07-10,Singapore,Singapore,Sheraton Towers Singapore,Event,,,,https://www.eventbrite.sg/e/ptm02-treasury-markets-and-products-seminar-training-program-tickets-857848667457,Eventbrite,
Integrating Sustainability Risk into Enterprise Risk Management Workshop,2026-07-09,2026-07-09,Malaysia,Kuala Lumpur,Bernard Business Consulting Sdn. Bhd.,Event,,,,https://www.eventbrite.com/e/integrating-sustainability-risk-into-enterprise-risk-management-workshop-tickets-1985779526018,Eventbrite,
INDIE WAVEMAKERS EXCHANGE,2026-07-10,2026-07-10,Singapore,Singapore,Catapult by CapitaLand,Event,,,,https://www.eventbrite.sg/e/indie-wavemakers-exchange-tickets-1987111113833,Eventbrite,
To Thrive in the Age of Artificial Intelligence by A/Prof Angie Chew,2026-07-11,2026-07-11,Singapore,Singapore,Brahm Centre @ Labrador,Event,,,,https://www.eventbrite.sg/e/to-thrive-in-the-age-of-artificial-intelligence-by-aprof-angie-chew-registration-1989774703702,Eventbrite,
LX2 Unconference 2026 - Learning Experience Exchange,2026-07-11,2026-07-11,Malaysia,Kuala Lumpur,The iSpace,Event,,,,https://www.eventbrite.sg/e/lx2-unconference-2026-learning-experience-exchange-tickets-1988669071727,Eventbrite,
Startup Valuation and Fund Raising,2026-07-13,2026-07-15,Singapore,Singapore,One Raffles Place,Event,,,,https://www.eventbrite.sg/e/startup-valuation-and-fund-raising-tickets-1975943440020,Eventbrite,
Certified Strategic Digital Project Manager (SDPM) @ Kuala Lumpur,2026-07-13,2026-07-14,Malaysia,Kuala Lumpur,KL Gateway Mall,Event,,,,https://www.eventbrite.sg/e/certified-strategic-digital-project-manager-sdpm-kuala-lumpur-tickets-1982610435182,Eventbrite,
Corporate Fundraising Masterclass,2026-07-14,2026-07-16,Singapore,Singapore,One Raffles Place,Event,,,,https://www.eventbrite.sg/e/corporate-fundraising-masterclass-tickets-1975904195639,Eventbrite,
Chartered Financial Modeler (CFM),2026-07-14,2026-07-16,Singapore,Singapore,One Raffles Place,Event,,,,https://www.eventbrite.sg/e/chartered-financial-modeler-cfm-tickets-1975903980997,Eventbrite,
"2nd GPF Exe Wkshp on Master Planning For Ports,  15-17 Jul 26, Singapore",2026-07-15,2026-07-17,Singapore,Singapore,M Hotel Singapore,Event,,,,https://www.eventbrite.sg/e/2nd-gpf-exe-wkshp-on-master-planning-for-ports-15-17-jul-26-singapore-tickets-855056516057,Eventbrite,
Asia Economic Forum (AEF) 2026,2026-07-15,2026-07-15,Malaysia,Kuala Lumpur,InterContinental Kuala Lumpur by IHG,Event,,,,https://www.eventbrite.hk/e/asia-economic-forum-aef-2026-tickets-1987878099909,Eventbrite,
Play To Win - 3 Day Free Experiential Business Training,2026-07-17,2026-07-19,Malaysia,Kuala Lumpur,Dwi Emas International School,Event,,,,https://www.eventbrite.com/e/play-to-win-3-day-free-experiential-business-training-tickets-1978822099167,Eventbrite,
INVEST FAIR 2026,2026-07-18,2026-07-19,Malaysia,Kuala Lumpur,Mid Valley Exhibition Centre (MVEC KL),Event,,,,https://www.eventbrite.com/e/invest-fair-2026-tickets-1982651453870,Eventbrite,
"The Coastal Quest – Mersing, Malaysia (July 2026) Intermediate: WAITLIST",2026-07-18,2026-07-19,Malaysia,Kuala Lumpur,"Mersing, Malaysia",Event,,,,https://www.eventbrite.sg/e/the-coastal-quest-mersing-malaysia-july-2026-intermediate-waitlist-tickets-1986712645002,Eventbrite,
3rd Edition Of Plant Science and Molecular Biology World Conference 2026,2026-07-20,2026-07-20,Singapore,Singapore,Village Hotel Changi,Event,,,,https://www.eventbrite.com/e/3rd-edition-of-plant-science-and-molecular-biology-world-conference-2026-tickets-1985432225232,Eventbrite,
"2nd GPF Exe Wkshp on Master Planning For Ports,21-23 Jul 26,  Singapore",2026-07-21,2026-07-23,Singapore,Singapore,M Hotel Singapore City Centre,Event,,,,https://www.eventbrite.sg/e/2nd-gpf-exe-wkshp-on-master-planning-for-ports21-23-jul-26-singapore-tickets-952382490667,Eventbrite,
Test Automation Summit | Singapore| 2026,2026-07-23,2026-07-23,Singapore,Singapore,"Four Points by Sheraton Singapore, Riverview",Event,,,,https://www.eventbrite.com/e/test-automation-summit-singapore-2026-tickets-1963770292809,Eventbrite,
Local Exhaust Ventilation System Management,2026-07-23,2026-07-23,Singapore,Singapore,The Arcade,Event,,,,https://www.eventbrite.sg/e/local-exhaust-ventilation-system-management-tickets-1986966178327,Eventbrite,
Faster Football Singapore 2026,2026-07-24,2026-07-26,Singapore,Singapore,Our Tampines Hub Stadium,Event,,,,https://www.eventbrite.hk/e/faster-football-singapore-2026-tickets-1988979430017,Eventbrite,
MARIM Risk Management Awards 2026,2026-07-29,2026-07-29,Malaysia,Kuala Lumpur,Le Méridien Putrajaya,Event,,,,https://www.eventbrite.com/e/marim-risk-management-awards-2026-tickets-1988381947932,Eventbrite,
"2nd EW on Use of Technology for Ports and Terminals,4-5 Aug 26, SPR",2026-08-04,2026-08-05,Singapore,Singapore,M Hotel Singapore,Event,,,,https://www.eventbrite.sg/e/2nd-ew-on-use-of-technology-for-ports-and-terminals4-5-aug-26-spr-tickets-1554233015789,Eventbrite,
[Malaysia]Complexities of commercial management in mega projects seminar,2026-08-05,2026-08-05,Malaysia,Kuala Lumpur,"The Institution of Engineers, Malaysia (IEM)",Event,,,,https://www.eventbrite.sg/e/malaysiacomplexities-of-commercial-management-in-mega-projects-seminar-tickets-1983928897739,Eventbrite,
MBAM OneBuild 2026,2026-08-05,2026-08-07,Malaysia,Kuala Lumpur,Kuala Lumpur Convention Centre,Event,,,,https://www.eventbrite.com/e/mbam-onebuild-2026-tickets-1977327392459,Eventbrite,
OneWare 2026,2026-08-05,2026-08-07,Malaysia,Kuala Lumpur,Kuala Lumpur Convention Centre,Event,,,,https://www.eventbrite.com/e/oneware-2026-tickets-1977331144682,Eventbrite,
[06 & 07 Aug 2026] People Performance Management for New Managers 3.0,2026-08-06,2026-08-07,Singapore,Singapore,"Holiday Inn Singapore Orchard City Centre, an IHG Hotel",Event,,,,https://www.eventbrite.sg/e/06-07-aug-2026-people-performance-management-for-new-managers-30-tickets-1989370561903,Eventbrite,
"BioTecnica 2026–Int Conf on Advances in Biological Science,06-07August, K L",2026-08-06,2026-08-07,Malaysia,Kuala Lumpur,Hotel Capitol Kuala Lumpur,Event,,,,https://www.eventbrite.com/e/biotecnica-2026int-conf-on-advances-in-biological-science06-07august-k-l-tickets-1975918444257,Eventbrite,
Eventech Conference,2026-08-07,2026-08-07,Singapore,Singapore,マリーナベイ・サンズ,Event,,,,https://www.eventbrite.com/e/eventech-conference-tickets-1751395092869,Eventbrite,
NextLevel CEO Programme with Heriot-Watt University Malaysia,2026-08-07,2026-08-07,Malaysia,Kuala Lumpur,Heriot-Watt University Malaysia Campus,Event,,,,https://www.eventbrite.co.uk/e/nextlevel-ceo-programme-with-heriot-watt-university-malaysia-tickets-1988753435060,Eventbrite,
[IN-PERSON LONG WEEKEND] 3Day ThetaHealing Game of Life Practitioner Course,2026-08-08,2026-08-10,Singapore,Singapore,Lorong Kilat,Event,,,,https://www.eventbrite.com/e/in-person-long-weekend-3day-thetahealing-game-of-life-practitioner-course-tickets-1978832300680,Eventbrite,
Project Finance Modeling Training,2026-08-10,2026-08-12,Malaysia,Kuala Lumpur,JW Marriott Hotel Kuala Lumpur,Event,,,,https://www.eventbrite.sg/e/project-finance-modeling-training-tickets-1976111969095,Eventbrite,
PCF01: Real Estate Financing Seminar Training Program,2026-08-13,2026-08-14,Singapore,Singapore,Sheraton Towers Singapore,Event,,,,https://www.eventbrite.sg/e/pcf01-real-estate-financing-seminar-training-program-tickets-1006538241977,Eventbrite,
Venture Capital Investing Masterclass,2026-08-17,2026-08-19,Singapore,Singapore,One Raffles Place,Event,,,,https://www.eventbrite.sg/e/venture-capital-investing-masterclass-tickets-1976112394367,Eventbrite,
Corporate Valuation: Techniques & Applications,2026-08-17,2026-08-19,Singapore,Singapore,One Raffles Place,Event,,,,https://www.eventbrite.sg/e/corporate-valuation-techniques-applications-tickets-1976023749227,Eventbrite,
LogiSYM Malaysia 2026,2026-08-19,2026-08-20,Malaysia,Kuala Lumpur,Malaysia International Trade and Exhibition Centre,Event,,,,https://www.eventbrite.sg/e/logisym-malaysia-2026-tickets-1985791772648,Eventbrite,
Private Equity Masterclass,2026-08-24,2026-08-26,Singapore,Singapore,One Raffles Place,Event,,,,https://www.eventbrite.sg/e/private-equity-masterclass-tickets-1976103818717,Eventbrite,
(SAVM 2026)The 4th Malaysia Vending Machines & Business Equipment Expo,2026-08-25,2026-08-25,Malaysia,Kuala Lumpur,马来西亚国际贸易与会展中心,Event,,,,https://www.eventbrite.com/e/savm-2026the-4th-malaysia-vending-machines-business-equipment-expo-tickets-1986888993465,Eventbrite,
DigiMarCon Singapore 2026 - Digital Marketing Conference & Exhibition,2026-08-26,2026-08-27,Singapore,Singapore,"Four Points by Sheraton Singapore, Riverview",Event,,,,https://www.eventbrite.com/e/digimarcon-singapore-2026-digital-marketing-conference-exhibition-registration-1653315092949,Eventbrite,
[Interest Form] Geronpreneurship Innovation Festival 2026,2026-08-26,2026-08-26,Singapore,Singapore,"Suntec Singapore Convention & Exhibition Centre, 1 Raffles Blvd, Singapore 039593",Community Event,,,,https://lu.ma/gxo1qteu,Luma,
PRM04: Credit Risk Management Seminar Training Program,2026-08-27,2026-08-28,Singapore,Singapore,Sheraton Towers Singapore,Event,,,,https://www.eventbrite.sg/e/prm04-credit-risk-management-seminar-training-program-tickets-1654332134949,Eventbrite,
SHORT-FORM IMPROV SHOWCASE by Atomic Albatross,2026-08-29,2026-08-29,Singapore,Singapore,Larks Improv Theatre,Event,,,,https://www.eventbrite.sg/e/short-form-improv-showcase-by-atomic-albatross-tickets-1989071790269,Eventbrite,
Advanced Excel for Professional,2026-09-08,2026-09-10,Malaysia,Kuala Lumpur,JW Marriott Kuala Lumpur,Event,,,,https://www.eventbrite.sg/e/advanced-excel-for-professional-tickets-1976691711119,Eventbrite,
International Conference on Environmental Forensics (iENFORCE 2026),2026-09-09,2026-09-09,Malaysia,Kuala Lumpur,Seri Pacific Hotel Kuala Lumpur,Event,,,,https://www.eventbrite.com/e/international-conference-on-environmental-forensics-ienforce-2026-tickets-1982122070470,Eventbrite,
The Digital Economy Expo 2026,2026-09-15,2026-09-17,Singapore,Singapore,Marina Bay Sands Singapore,Event,,,,https://www.eventbrite.com/e/bilhetes-the-digital-economy-expo-2026-1988937311038,Eventbrite,
Asia Investment Conference 2026 | Investing in the age of AI,2026-09-17,2026-09-18,Singapore,Singapore,"Ballroom, Shangri-La Hotel Singapore",Event,,,,https://www.eventbrite.com/e/asia-investment-conference-2026-investing-in-the-age-of-ai-tickets-1985118953227,Eventbrite,
IC2NM - 2026,2026-09-20,2026-09-20,Singapore,Singapore,Village Hotel Changi,Event,,,,https://www.eventbrite.sg/e/ic2nm-2026-tickets-1989641049940,Eventbrite,
"Singapore Big Business, Tech & Entrepreneur Professional Networking Soiree",2026-09-21,2026-09-21,Singapore,Singapore,No.5 Emerald Hill,Event,,,,https://www.eventbrite.com/e/singapore-big-business-tech-entrepreneur-professional-networking-soiree-tickets-1970098356217,Eventbrite,
Business Model Innovation,2026-09-21,2026-09-23,Singapore,Singapore,One Raffles Place,Event,,,,https://www.eventbrite.sg/e/business-model-innovation-tickets-1976694578696,Eventbrite,
3rd Agrifood Summit 2026,2026-09-21,2026-09-21,Malaysia,Kuala Lumpur,Malaysia,Event,,,,https://www.eventbrite.com/e/3rd-agrifood-summit-2026-tickets-1979374748155,Eventbrite,
ENGINEER & MARVEX 2026,2026-09-22,2026-09-22,Malaysia,Kuala Lumpur,Kuala Lumpur Convention Centre,Event,,,,https://www.eventbrite.sg/e/engineer-marvex-2026-tickets-1982947757121,Eventbrite,
Build Better Johor Bahru 2026,2026-09-24,2026-09-24,Malaysia,Kuala Lumpur,Renaissance Johor Bahru Hotel,Event,,,,https://www.eventbrite.sg/e/build-better-johor-bahru-2026-tickets-1983365364195,Eventbrite,
Touravel Tech Market 2026,2026-09-29,2026-09-29,Malaysia,Kuala Lumpur,Kuala lumpur Convention Centre,Event,,,,https://www.eventbrite.co.uk/e/touravel-tech-market-2026-tickets-1985528357767,Eventbrite,
Smart Home Tech Show 2026,2026-10-01,2026-10-01,Singapore,Singapore,Suntec Singapore Convention & Exhibition Centre,Event,,,,https://www.eventbrite.sg/e/smart-home-tech-show-2026-tickets-1989885375725,Eventbrite,
The Flex Executive Summit 2026,2026-10-02,2026-10-02,Singapore,Singapore,Singapore,Event,,,,https://www.eventbrite.sg/e/the-flex-executive-summit-2026-tickets-1989377642080,Eventbrite,
Cash Flow and Working Capital Management,2026-10-05,2026-10-06,Singapore,Singapore,One Raffles Place,Event,,,,https://www.eventbrite.sg/e/cash-flow-and-working-capital-management-tickets-1976827851318,Eventbrite,
Media Accelerator & Startup Cohort,2026-10-07,2026-10-08,Singapore,Singapore,"Marina Bay Sands Singapore, 10 Bayfront Ave, Singapore 018956",Community Event,,,,https://lu.ma/lgaeclvb,Luma,
PTM03: Understanding Asset and Liability Management Seminar Training Prog,2026-10-08,2026-10-09,Singapore,Singapore,Sheraton Towers Singapore,Event,,,,https://www.eventbrite.sg/e/ptm03-understanding-asset-and-liability-management-seminar-training-prog-tickets-893421506777,Eventbrite,
Build Better Kuala Lumpur 2026,2026-10-08,2026-10-08,Malaysia,Kuala Lumpur,Pullman Kuala Lumpur City Centre - Hotel & Residences,Event,,,,https://www.eventbrite.sg/e/build-better-kuala-lumpur-2026-tickets-1983366097388,Eventbrite,
POD01: Organization Design and Development Seminar Training Program,2026-11-05,2026-11-06,Singapore,Singapore,Sheraton Towers Singapore,Event,,,,https://www.eventbrite.sg/e/pod01-organization-design-and-development-seminar-training-program-tickets-1977705259670,Eventbrite,
Build Better Penang 2026,2026-11-05,2026-11-05,Malaysia,Kuala Lumpur,St. Giles Wembley Penang Hotel,Event,,,,https://www.eventbrite.sg/e/build-better-penang-2026-tickets-1983416241370,Eventbrite,
(TENTATIVE) Founder Friends SG,2026-11-09,2026-11-09,Singapore,Singapore,,Community Event,,,,https://lu.ma/jrzchqdt,Luma,
International Dental Technology & Oral Health Conference,2026-11-16,2026-11-18,Singapore,Singapore,Village Hotel Changi,Event,,,,https://www.eventbrite.com/e/international-dental-technology-oral-health-conference-tickets-1981694702200,Eventbrite,
Harness the Power of AI in GxP - Singapore,2026-11-19,2026-11-20,Singapore,Singapore,Singapore,Event,,,,https://www.eventbrite.com/e/harness-the-power-of-ai-in-gxp-singapore-tickets-1978447209863,Eventbrite,
"STRA Int Conf on Engineering & Technology, 27-28 Nov 2026, Singapore",2026-11-27,2026-11-28,Singapore,Singapore,"The National University of Singapore Society (NUSS) The Graduate Club, Suntec City Guild House, 3 Temasek Boulevard (Tower 5), #02- 401/402 Suntec City Mall, Singapore",Event,,,,https://www.eventbrite.com/e/stra-int-conf-on-engineering-technology-27-28-nov-2026-singapore-tickets-1534491889549,Eventbrite,
Founders 2.0 Conference Singapore,2026-12-02,2026-12-02,Singapore,Singapore,Marina Bay Sands Singapore,Event,,,,https://www.eventbrite.com/e/founders-20-conference-singapore-tickets-1984871622454,Eventbrite,
"Global Healthcare, Preventive Medicine & Public Health Summit & Exhibition",2026-12-08,2026-12-08,Malaysia,Kuala Lumpur,kuala lumpur malaysia,Event,,,,https://www.eventbrite.co.uk/e/global-healthcare-preventive-medicine-public-health-summit-exhibition-tickets-1988823696213,Eventbrite,
"BioTecnica 2026–Int Conf on Advance in Bio- Science,08-09 Dec, Kuala Lumpur",2026-12-08,2026-12-09,Malaysia,Kuala Lumpur,Hotel Capitol Kuala Lumpur,Event,,,,https://www.eventbrite.com/e/biotecnica-2026int-conf-on-advance-in-bio-science08-09-dec-kuala-lumpur-tickets-1535799761429,Eventbrite,
12th International Conference on Mechanical Engineering and Automation Scie,2026-12-10,2026-12-13,Malaysia,Kuala Lumpur,Kuala Lumpur,Event,,,,https://www.eventbrite.com/e/12th-international-conference-on-mechanical-engineering-and-automation-scie-tickets-1981275836361,Eventbrite,
"16th World Probiotics, Nutrition, Gut Health Conference and Exhibition",2026-12-10,2026-12-10,Malaysia,Kuala Lumpur,AC Hotel Kuala Lumpur,Event,,,,https://www.eventbrite.co.uk/e/16th-world-probiotics-nutrition-gut-health-conference-and-exhibition-tickets-1988066516468,Eventbrite,
"6th World Neuroscience, Neurology and Brain Surgery Summit",2026-12-14,2026-12-14,Malaysia,Kuala Lumpur,AC Hotel Kuala Lumpur,Event,,,,https://www.eventbrite.co.uk/e/6th-world-neuroscience-neurology-and-brain-surgery-summit-tickets-1988065729113,Eventbrite,
Founders Co-working Monday - Call For Interest,2026-12-31,2026-12-31,Singapore,Singapore,"SQ Collective x Gen-AI Labs, 65 Mohamed Sultan Rd, Singapore 239003",Community Event,,,,https://lu.ma/2vkmpimw,Luma,
APE 2027 - Asia Photonics Expo,2027-03-03,2027-03-05,Singapore,Singapore,Sands Expo and Convention Centre,Event,,,,https://www.eventbrite.com/e/ape-2027-asia-photonics-expo-tickets-1985350469699,Eventbrite,
BioSupply Chain Asia 2027 (#BSCA) | BioPharma | Asia (SG),2027-03-23,2027-03-24,Singapore,Singapore,Sands Expo & Convention Centre,Event,,,,https://www.eventbrite.sg/e/biosupply-chain-asia-2027-bsca-biopharma-asia-sg-tickets-1985699534762,Eventbrite,
BioSupply Chain Asia 2027 (#BSCA) | Solution Provider (SG),2027-03-23,2027-03-24,Singapore,Singapore,Sands Expo & Convention Centre,Event,,,,https://www.eventbrite.sg/e/biosupply-chain-asia-2027-bsca-solution-provider-sg-tickets-1985700181697,Eventbrite,
PRM01: Enterprise Risk Management Seminar Training Program,2027-05-06,2027-05-07,Singapore,Singapore,Sheraton Towers Singapore,Event,,,,https://www.eventbrite.sg/e/prm01-enterprise-risk-management-seminar-training-program-tickets-102662871412,Eventbrite,